Study,Cue,Target,COS,LSA,FSG,QSS.1,QCON.1,HAL.1,LogHAL.1,Subtlex.1,LogSub.1,Length.1,POS.1,Ortho.1,Phono.1,Phonemes.1,Syllables.1,Morphemes.1,AOA.1,Valence.1,Imageability.1,Familiarity.1,QCON.2,HAL.2,LogHAL.2,Subtlex.2,LogSub.2,Length.2,POS.2,Ortho.2,Phono.2,Phonemes.2,Syllables.2,Morphemes.2,AOA.2,Valence.2,Imageability.2,Familiarity.2,TSS.2,FSS.1,FSS.2,COSC.1,COSC.2
pilot,reason,answer,0,0.195666,0.025,27,3.44,133687,11.8,193.29,3.99,6,NN,1,5,4,2,1,7.84,6.27,3.11,6.38,3.85,109246,11.6,176.2,3.95,6,NN,0,2,4,2,1,5.43,6.1,4.09,6.52,9,5,9,1,23
pilot,ride,horse,0.114428315,0.616774,0.372,14,4.14,23593,10.07,135.37,3.84,4,NN,19,50,3,1,1,4.67,6.27,4.7,6.26,6.03,23855,10.08,92.88,3.68,5,NN,10,16,4,1,1,4.15,6.05,6.05,6.17,16,33,43,109,239
pilot,compact,car,0.109033254,0.105492,0.169,8,4.37,5965,8.69,1.69,1.94,7,ADJ,0,0,7,2,1,10.79,4.95,4.56,5.92,6.35,86253,11.37,483.06,4.39,3,NN,23,43,3,1,1,3.37,6.63,6.22,6.8,25,5,36,29,267
pilot,march,walk,0.322219498,0.167248,0.101,15,4.2,74695,11.22,24.02,3.09,5,NN,5,12,4,1,1,6.85,5.61,4.8,6.2,4.28,33093,10.41,215.86,4.04,4,NN,9,17,3,1,1,3.45,6.77,5.05,6.57,12,28,27,96,17
pilot,cherry,soda,0.013230671,0.107084,0.042,16,5.86,4370,8.38,13.59,2.84,6,NN,3,24,4,2,1,5.58,7.05,5.61,6.15,5.96,3367,8.12,19.84,3.01,4,NN,6,6,4,2,1,4.42,5.47,5.38,6.1,12,29,5,200,16
pilot,sign,stop,0.315007918,0.328892,0.348,15,5.16,39389,10.58,133.27,3.83,4,NN,1,38,3,1,1,4.32,5.27,5.28,6.17,2.93,96586,11.48,707.27,4.56,4,VB,6,12,4,1,1,2.89,4.73,4.46,6.37,8,5,16,24,48
pilot,habit,coke,0.0631932,0.087969,0.014,17,3.45,6475,8.78,14.47,2.87,5,NN,2,4,5,2,1,7.67,5.2,NA,NA,5.68,4270,8.36,18.59,2.98,4,NN,14,33,3,1,1,4.74,6.55,6.17,6.59,9,7,14,157,81
pilot,carry,lift,0.364468429,0.214195,0.062,19,3.93,36637,10.51,65.9,3.53,5,VB,11,24,4,2,1,5.16,5.67,4.02,6.07,3.7,9806,9.19,34.14,3.24,4,VB,10,17,4,1,1,4.74,5.32,4.55,5.95,21,28,34,298,171
pilot,goose,chicken,0.609592919,0.356565,0.018,11,6.63,1790,7.49,13.04,2.82,5,NN,4,17,3,1,1,5.15,5.68,NA,NA,5.79,11478,9.35,61.73,3.5,7,NN,1,4,5,2,2,3.26,6.17,6.02,6.31,29,16,20,147,176
pilot,string,thread,0.456293158,0.169274,0.071,17,5.4,33204,10.41,12.67,2.81,6,NN,5,14,5,1,1,4.94,5.25,5.15,6.34,6.04,57162,10.95,5.16,2.42,6,NN,1,9,4,1,1,7.06,5.5,5.49,6.1,6,5,5,58,38
pilot,fruit,orange,0.423321504,0.329082,0.174,17,6,10728,9.28,21.73,3.04,5,NN,0,6,4,1,1,3.63,7,5.93,6.41,5.74,13483,9.51,22.31,3.06,6,ADJ,1,2,5,2,1,3.26,6.81,5.87,6.25,14,5,27,35,57
pilot,travel,go,0.380594895,0.229215,0.033,25,3.93,45977,10.74,33.37,3.23,6,NN,2,2,5,2,1,5.9,7.89,5,6.24,3.33,409671,12.92,3793.04,5.29,2,VB,17,48,2,1,1,3.37,6.32,3.61,6.71,14,25,20,27,126
pilot,dress,skirt,0.638133472,0.696537,0.165,15,5.91,12384,9.42,87.2,3.65,5,NN,5,7,4,1,1,4.05,6.42,5.61,6.25,6.28,4928,8.5,9.96,2.71,5,NN,3,13,4,1,1,5.67,6.14,5.53,5.71,15,22,25,235,35
pilot,america,usa,0.527799145,0.179811,0.185,13,NA,78729,11.27,77.92,3.6,7,NN,0,0,7,4,1,NA,NA,NA,NA,NA,NA,NA,NA,NA,3,NN,NA,NA,NA,NA,NA,NA,NA,NA,NA,11,5,9,18,2
pilot,crocodile,alligator,0.750950941,0.390227,0.629,14,5.7,521,6.26,2.25,2.06,9,NN,0,0,8,3,1,5.11,3.15,5.95,5.3,6.45,723,6.58,3.49,2.25,9,NN,0,0,7,4,1,4.78,4.23,6.06,5.71,13,20,17,267,290
pilot,scent,perfume,0.72927499,0.258082,0.103,6,4.58,2429,7.8,5.96,2.48,5,NN,3,21,4,1,1,5.94,6.5,4.15,5.75,6.03,1151,7.05,11.43,2.77,7,NN,0,0,6,2,1,7.06,6.58,NA,NA,12,6,10,41,61
pilot,crayon,yellow,0.683864018,0.146268,0.013,12,6.12,307,5.73,0.41,1.34,6,NN,0,1,5,2,1,3.2,5.76,NA,NA,5.18,19319,9.87,33.8,3.24,6,ADJ,3,9,4,2,1,3.2,6.09,6.18,6.3,20,11,11,29,54
pilot,wasp,hornet,0.882959491,0.35538,0.02,10,6.33,786,6.67,1.43,1.87,4,NN,7,2,4,1,1,5.58,2.71,NA,NA,6.37,3738,8.23,1.33,1.84,6,NN,2,0,6,2,1,7.28,3.37,NA,NA,8,15,12,39,50
pilot,three,four,0.880853629,0.639547,0.381,12,NA,165169,12.01,542.24,4.44,5,Other,1,15,3,1,1,3.69,5.43,4.89,6.55,3.57,85200,11.35,255.78,4.12,4,Other,9,40,3,1,1,4.93,5.26,4.85,6.27,15,5,5,23,21
pilot,drunk,booze,0.784399201,0.332054,0.021,19,4.65,7265,8.89,76.55,3.59,5,ADJ,4,4,5,1,1,9.26,4.06,NA,NA,6,962,6.87,10.94,2.75,5,NN,2,55,3,1,1,10.42,5,NA,NA,11,5,7,17,34
pilot,violin,instrument,0.723175237,0.514747,0.064,12,6.13,2583,7.86,4.75,2.39,6,NN,0,1,6,2,1,7.45,6.56,6,6.03,6.25,10141,9.22,8.1,2.62,10,NN,0,0,10,3,1,6.94,6.68,4.87,6.25,14,11,10,14,41
pilot,crown,jewel,0.125485931,0.124135,0.134,8,5.82,8962,9.1,13.69,2.84,5,NN,8,11,4,1,1,7.8,6,5.96,6.05,5.73,1980,7.59,7.24,2.57,5,NN,1,5,4,1,1,6.22,6.68,6.05,6.23,20,15,11,51,11
pilot,cushion,couch,0.254884757,0.179045,0.223,12,NA,832,6.72,2.16,2.05,7,NN,0,2,4,2,1,5.53,5.9,NA,NA,5.74,4971,8.51,23.47,3.08,5,NN,7,12,3,1,1,3.74,6.52,5.3,5.95,12,18,57,139,462
pilot,torch,olympics,0,0.087772,0.053,7,NA,2425,7.79,4.98,2.41,5,NN,3,7,4,1,1,7.84,4.5,NA,NA,NA,2972,8,4.25,2.34,8,NN,0,0,8,3,2,8.31,NA,NA,NA,20,5,5,15,6
pilot,force,air,0,0.123147,0.048,17,2.92,75365,11.23,70.67,3.56,5,NN,3,21,4,1,1,6,4.17,NA,NA,5.67,81115,11.3,139.02,3.85,3,NN,7,20,2,1,1,3.94,6.71,4.62,6.53,17,5,5,34,34
pilot,jump,leap,0.050321575,0.334971,0.067,12,4.44,26855,10.2,69.82,3.55,4,NN,7,9,4,1,1,2.84,6.44,5.32,6.25,3.8,6090,8.71,6.67,2.53,4,NN,10,38,3,1,1,5.53,4.8,4.88,6.13,11,13,5,107,6
pilot,strap,buckle,0.277458979,0.268222,0.014,22,5.87,3351,8.12,5.16,2.42,5,VB,7,7,5,1,1,5.61,5.1,NA,NA,5.64,1228,7.11,5.04,2.41,6,VB,2,10,4,2,1,6.42,5.05,5.81,5.95,7,5,8,29,100
pilot,surgery,blood,0.139876429,0.199631,0.048,15,5.21,8303,9.02,32.37,3.22,7,NN,0,0,6,3,2,7.68,3.18,NA,NA,6.55,51801,10.86,186.12,3.98,5,NN,4,8,4,1,1,4.89,3.48,5.67,6.02,20,5,8,9,41
pilot,politics,government,0.33830613,0.329697,0.137,13,2.59,20224,9.91,16.57,2.93,8,NN,2,0,8,3,1,9.37,4,NA,NA,4.63,172375,12.06,65.24,3.52,10,NN,0,0,8,3,2,8.5,3.78,NA,NA,19,7,12,9,55
pilot,calf,cow,0.516096895,0.691352,0.697,7,5.88,1478,7.3,2.96,2.18,4,NN,5,24,3,1,1,6.63,5.44,5.59,5.85,6.12,7262,8.89,25.51,3.11,3,NN,28,36,2,1,1,3.94,5.42,6.26,6.35,10,16,43,229,263
pilot,rain,wet,0.364487448,0.624239,0.244,18,5.77,17801,9.79,48.9,3.4,4,NN,12,51,3,1,1,3.6,6.58,5.89,6.43,4.74,16466,9.71,39.22,3.3,3,ADJ,18,31,3,1,1,2.47,5.64,4.91,6.32,11,18,5,106,20
pilot,sack,bag,0.571197222,0.470007,0.444,9,5.7,2220,7.71,12.92,2.82,4,NN,15,38,3,1,1,5.83,5.11,5.42,6.13,6.3,16427,9.71,94.04,3.68,3,NN,25,33,3,1,1,4.28,5.05,NA,NA,17,11,13,46,180
pilot,cheese,bread,0.359457734,0.733204,0.03,17,6.14,8662,9.07,39.04,3.3,6,NN,1,36,3,1,1,4.33,6.81,5.56,6.66,6.18,9063,9.11,28.33,3.16,5,NN,6,19,4,1,1,3.58,6.52,6.38,6.52,15,21,17,150,132
pilot,cape,coat,0.390758365,0.125256,0.033,20,5.86,5458,8.6,8.24,2.62,4,NN,17,25,3,1,1,6.9,NA,5.6,5.95,5.83,10295,9.24,42.08,3.33,4,NN,11,33,3,1,1,3.58,5.29,5.38,6.47,17,14,51,77,292
pilot,cook,kitchen,0.533241827,0.47489,0.016,15,4.91,13551,9.51,45.57,3.37,4,NN,14,17,3,1,1,4.22,7.12,4.98,6.42,6.63,9720,9.18,58.31,3.47,7,NN,1,1,5,2,1,3.68,6.17,NA,NA,22,35,5,275,48
pilot,there,here,0.801641914,0.566693,0.743,9,2.12,1313357,14.09,4348.12,5.35,5,Other,4,25,3,1,1,5.25,NA,3.02,6.23,2.81,477382,13.08,4525.25,5.36,4,Other,12,43,3,1,1,3.74,NA,2.96,6.43,4,5,5,11,15
pilot,asia,africa,0.805110125,0.363597,0.145,19,NA,13885,9.54,5.29,2.43,4,NN,2,2,3,2,1,NA,NA,NA,NA,5.92,17142,9.75,18.76,2.98,6,NN,1,0,6,3,1,NA,NA,NA,NA,16,6,6,12,69
pilot,brother,sister,0.764729071,0.757282,0.746,10,5.91,23702,10.07,283.94,4.16,7,NN,1,1,5,2,1,3.63,6.18,5.75,6.79,5.71,17160,9.75,180.53,3.96,6,NN,4,5,5,2,1,3.68,7,6.07,6.62,16,7,8,31,13
pilot,adolescent,juvenile,0.721281428,0.31405,0.014,8,5.32,1523,7.33,1.84,1.98,10,NN,0,1,7,4,2,11.05,5.38,NA,NA,NA,2033,7.62,5.12,2.42,8,JJ,0,0,6,3,2,11.63,3.74,NA,NA,12,7,5,22,19
pilot,harp,piano,0.778571068,0.52136,0.03,17,6.94,1667,7.42,2.63,2.13,4,NN,9,11,4,1,1,7.55,5.4,NA,NA,6.26,9273,9.13,24.86,3.1,5,NN,0,0,5,3,1,5.5,6.4,6.45,6.54,14,8,13,32,47
pilot,brown,green,0.763519253,0.487997,0.02,20,4.63,42129,10.65,60.12,3.49,5,ADJ,8,14,4,1,1,4.2,5.52,NA,NA,5.46,90773,11.42,72.47,3.57,5,ADJ,5,19,4,1,1,3.79,6.29,5.81,6.19,17,5,12,36,80
pilot,bath,soap,0.712866683,0.384722,0.03,10,5.9,5621,8.63,31.12,3.2,4,NN,13,23,3,1,1,3.23,7,6.18,6.39,5.77,8037,8.99,15.2,2.89,4,NN,6,28,3,1,1,3.17,7.1,5.89,6.31,22,10,10,45,87
pilot,catholic,school,0,0.030834,0.02,16,3.08,12267,9.41,12.47,2.8,8,NN,0,0,6,2,1,7.84,4.95,NA,NA,5.25,119951,11.69,333.12,4.23,6,NN,0,10,4,1,1,3.89,5.41,5.72,6.47,22,15,11,28,36
pilot,back,front,0.309012694,0.535931,0.52,12,4.89,393090,12.88,2009.16,5.01,4,NN,18,44,3,1,1,5.31,4.76,4.87,6.33,4.14,77889,11.26,181.55,3.97,5,NN,2,2,5,1,1,5.19,NA,4.29,6.18,5,5,5,39,17
pilot,baby,cuddle,0,0.372788,0.013,19,5.77,35810,10.49,509.37,4.41,4,NN,2,13,4,2,1,3.84,6.67,5.8,6.61,4.3,595,6.39,2.16,2.05,6,NN,8,14,4,2,1,6.16,7.6,NA,NA,18,5,9,18,21
pilot,grab,pull,0.046438581,0.324425,0.027,18,NA,10230,9.23,70.86,3.56,4,VB,9,11,4,1,1,5.37,5.44,NA,NA,3.4,28190,10.25,146.45,3.87,4,VB,15,28,3,1,1,4.79,5.59,4.4,6.39,18,5,51,54,119
pilot,snake,long,0.017023354,0.168541,0.024,21,6.48,5217,8.56,22.35,3.06,5,NN,6,10,4,1,1,5.1,4.03,6.04,5.92,3.68,273917,12.52,675.16,4.54,4,ADJ,13,19,3,1,1,4.24,NA,5.09,6.07,13,13,5,177,11
pilot,sense,touch,0.254072418,0.574426,0.077,18,3.02,77530,11.26,131.8,3.83,5,NN,3,18,4,1,1,7.32,6.09,3.58,6.2,4.48,34803,10.46,147.73,3.88,5,NN,4,16,3,1,1,5.16,6.64,NA,NA,10,25,47,64,32
pilot,money,bank,0,0.292825,0.019,19,5.77,209588,12.25,640.76,4.51,5,NN,6,20,4,2,1,5.11,7.1,6.32,6.55,5.69,39506,10.58,84.98,3.64,4,NN,18,16,4,1,1,6.44,6,5.54,6.47,6,5,12,5,109
pilot,mink,fur,0.346880305,0.336082,0.252,7,5.68,582,6.37,3.71,2.28,4,NN,18,14,4,1,1,10.32,5.86,5.98,5.98,6.69,4642,8.44,8.27,2.63,3,NN,10,24,2,1,1,5.22,5.65,5.77,6.05,13,16,23,170,135
pilot,drum,band,0.640602285,0.392304,0.167,16,5.81,8300,9.02,8.47,2.64,4,NN,4,9,4,1,1,4.63,6.05,5.93,5.87,5.83,49179,10.8,53.41,3.44,4,NN,16,20,4,1,1,6.16,6.44,5.44,5.93,14,15,6,130,40
pilot,hatchet,knife,0.515114401,0.339348,0.087,13,6.03,506,6.23,1.96,2,7,NN,4,4,5,2,1,8.2,4.43,5.21,5.41,6.08,7120,8.87,46.8,3.38,5,NN,1,12,3,1,1,4.15,4.33,6.27,6.21,13,27,43,161,208
pilot,hip,bone,0.383276267,0.506444,0.188,18,6.08,6836,8.83,15.41,2.9,3,NN,20,30,3,1,1,6.17,5.86,NA,NA,5.75,16063,9.68,26.06,3.12,4,NN,20,50,3,1,1,5.53,5.24,5.61,6.15,19,6,5,51,34
pilot,doctor,nurse,0.438698918,0.366236,0.379,19,5.75,31917,10.37,263.94,4.13,6,NN,0,0,5,2,1,4.6,5.93,5.87,6.59,5.48,6640,8.8,44.98,3.36,5,NN,3,13,3,1,1,5.84,5.41,6.07,6.21,10,8,11,53,54
pilot,wrist,arm,0.466881525,0.630268,0.155,7,6.45,4355,8.38,10.33,2.72,5,NN,6,21,4,1,1,5.94,5.06,NA,NA,5.53,20427,9.92,65.41,3.52,3,NN,7,5,3,1,1,3.26,5.44,5.61,6.41,6,31,43,4,349
pilot,tack,nail,0.413825809,0.185637,0.181,12,5.64,1603,7.38,2.12,2.04,4,NN,15,41,3,1,1,6.63,4.42,5.56,5.68,5.6,4603,8.43,18.65,2.98,4,NN,13,46,3,1,1,5.42,4.6,5.46,6.17,6,16,13,78,196
pilot,jesus,christ,0.718849988,0.902218,0.259,13,4.02,36735,10.51,161.18,3.91,5,NN,1,1,5,2,1,NA,NA,NA,NA,NA,20146,9.91,90.14,3.66,6,NN,0,7,5,1,1,NA,NA,NA,NA,11,8,9,11,23
pilot,cherry,apple,0.66855448,0.432392,0.077,16,5.86,4370,8.38,13.59,2.84,6,NN,3,24,4,2,1,5.58,7.05,5.61,6.15,7,65844,11.1,23.67,3.08,5,NN,2,4,3,2,1,4.15,6.62,6.43,6.51,17,29,39,200,312
pilot,dust,clean,0.671312356,0.3155,0.122,16,6.67,18645,9.83,23.84,3.09,4,NN,12,17,4,1,1,5.06,3.72,5.14,6.25,3.82,36257,10.5,121.24,3.79,5,ADJ,3,15,4,1,1,3.89,7.09,4.34,6.48,13,5,5,17,44
pilot,blonde,brown,0.74057367,0.297521,0.02,15,5.02,6624,8.8,13.92,2.85,6,ADJ,1,4,5,1,1,6.06,6,6.02,6.37,4.63,42129,10.65,60.12,3.49,5,ADJ,8,14,4,1,1,4.2,5.52,NA,NA,20,7,5,78,36
pilot,bottle,jar,0.812441925,0.477714,0.033,20,6.94,18633,9.83,50.75,3.41,6,NN,4,16,4,2,1,3.56,5.47,NA,NA,5.77,2937,7.99,8.31,2.63,3,NN,18,27,3,1,1,5.44,5.71,5.53,6.25,13,16,13,64,46
pilot,green,yellow,0.718113932,0.599913,0.125,17,5.46,90773,11.42,72.47,3.57,5,ADJ,5,19,4,1,1,3.79,6.29,5.81,6.19,5.18,19319,9.87,33.8,3.24,6,ADJ,3,9,4,2,1,3.2,6.09,6.18,6.3,20,12,11,80,54
pilot,idea,mind,0.726291036,0.313551,0.01,17,2.87,133710,11.8,359.04,4.26,4,NN,2,0,4,2,1,5.95,7.05,3.53,6.33,2.6,131156,11.78,484.61,4.39,4,NN,16,22,4,1,1,5.37,6.7,3.96,6.45,10,5,5,17,20
thesis,find,keep,0,0.279109,0.117,11,5.86,378725,12.84,830.96,4.63,4,VB,15,26,4,1,1,5.78,6.45,4.21,6.17,3.3,183906,12.12,702.86,4.55,4,VB,9,33,3,1,1,4.42,6.32,2.95,6.3,17,26,5,151,14
thesis,jail,crime,0.08483377,0.625867,0.019,15,5.84,9659,9.18,70.63,3.56,4,NN,12,36,3,1,1,5.74,1.91,6.02,6.4,3.81,33496,10.42,71.24,3.56,5,NN,5,12,4,1,1,7.67,1.95,4.93,6.05,24,8,5,60,44
thesis,think,thought,0.148521178,0.405833,0.089,22,3.38,652944,13.39,2691.39,5.14,5,VB,7,14,4,1,1,5.89,6.68,4.52,6.68,1.28,174954,12.07,808.47,4.62,7,NN,0,14,3,1,1,5.89,6.76,3.42,6.53,9,5,5,13,21
thesis,high,school,0,0.365248,0.014,11,3.62,185510,12.13,195,4,4,ADJ,3,45,2,1,1,4.58,5.77,4.88,6.64,5.25,119951,11.69,333.12,4.23,6,NN,0,10,4,1,1,3.89,5.41,5.72,6.47,22,5,11,3,36
thesis,food,drink,0.051820331,0.170368,0.05,18,5.84,59724,11,154.43,3.9,4,NN,10,24,3,1,1,3.25,7.52,5.33,6.53,4.95,19872,9.9,247.39,4.1,5,VB,5,4,5,1,1,3.47,5.47,5.49,6.4,20,5,23,96,204
thesis,shovel,fork,0.091837261,0.126887,0.014,13,5.68,1017,6.92,6.84,2.54,6,NN,2,5,4,2,1,6.28,4.8,5.32,6.02,5.25,11253,9.33,8.82,2.65,4,NN,9,13,4,1,1,3.63,5.47,5.71,6.24,8,48,39,118,322
thesis,fish,bowl,0.033286338,0.112432,0.018,24,5.84,30614,10.33,83.49,3.63,4,NN,5,17,3,1,1,4.05,6.42,6.09,6.16,5.26,10720,9.28,21.45,3.04,4,NN,10,49,3,1,1,4.26,5.67,5.66,6.2,22,31,15,116,161
thesis,pigeon,bird,0.390263247,0.475698,0.646,7,5.77,900,6.8,5.9,2.48,6,NN,0,2,5,2,1,6.21,5.58,6.05,5.92,5.77,19070,9.86,45.45,3.37,4,NN,5,48,3,1,1,3.52,6.75,6.14,6.33,23,14,23,83,107
thesis,trumpet,instrument,0.561076309,0.416442,0.177,16,7,7157,8.88,4.12,2.32,7,NN,2,1,7,2,1,6.28,6.03,6.28,5.83,6.25,10141,9.22,8.1,2.62,10,NN,0,0,10,3,1,6.94,6.68,4.87,6.25,14,16,10,59,41
thesis,walrus,sea,0.341622972,0.318781,0.02,16,6.16,530,6.27,1.12,1.76,6,NN,0,0,6,2,1,5.06,5.79,5.84,5.8,5.82,36736,10.51,59.84,3.48,3,NN,17,51,2,1,1,4.74,6.56,5.73,6.24,15,13,11,44,171
thesis,horse,pony,0.489282997,0.702421,0.109,16,6.03,23855,10.08,92.88,3.68,5,NN,10,16,4,1,1,4.15,6.05,6.05,6.17,6.51,2249,7.72,8.1,2.62,4,NN,13,14,4,2,1,5.39,6.71,6.36,5.98,5,43,15,239,152
thesis,brick,wood,0.51298485,0.222086,0.013,14,5.97,3969,8.29,10.18,2.72,5,NN,8,23,4,1,1,6.43,4.65,5.69,6.13,5.81,24035,10.09,27,3.14,4,NN,12,18,3,1,1,4.58,5.82,5.42,6.46,26,9,7,66,51
thesis,fence,gate,0.540940557,0.590565,0.094,20,5.85,5277,8.57,16.06,2.91,5,NN,2,10,4,1,1,6.28,5.05,6.05,6.03,5.69,16638,9.72,32.04,3.21,4,NN,20,39,3,1,1,5.32,5.32,5.39,6.18,12,36,40,137,153
thesis,safe,vault,0.433552675,0.113921,0.021,21,3.72,33169,10.41,143.2,3.86,4,ADJ,10,15,3,1,1,5.11,7.7,4.68,6.05,5.39,9408,9.15,12.04,2.79,5,NN,2,10,4,1,1,9.16,5.84,5.44,5.19,13,7,13,17,78
thesis,green,red,0.783839908,0.343404,0.035,17,5.46,90773,11.42,72.47,3.57,5,ADJ,5,19,4,1,1,3.79,6.29,5.81,6.19,4.97,103819,11.55,148.06,3.88,3,ADJ,18,35,3,1,1,3.68,5.67,5.88,6.55,14,12,5,80,8
thesis,skillet,pan,0.837274111,0.497685,0.48,7,5.72,654,6.48,1.22,1.8,7,NN,1,0,6,2,1,8.2,5.85,5.83,5.71,5.74,10047,9.22,12.29,2.8,3,NN,29,41,3,1,1,4.72,5.15,5.26,6.4,13,12,16,84,86
thesis,soap,shower,0.760009493,0.258413,0.022,22,5.77,8037,8.99,15.2,2.89,4,NN,6,28,3,1,1,3.17,7.1,5.89,6.31,5.88,6874,8.84,41.12,3.32,6,NN,2,17,3,1,1,4.72,7.19,6.43,6.56,17,10,10,87,73
thesis,wash,bath,0.763006231,0.447364,0.02,14,4.2,8590,9.06,40.73,3.32,4,VB,12,15,3,1,1,4,6,4.98,6.59,5.9,5621,8.63,31.12,3.2,4,NN,13,23,3,1,1,3.23,7,6.18,6.39,10,27,10,15,45
thesis,orange,tangerine,0.801641914,0.566693,0.632,14,5.74,13483,9.51,22.31,3.06,6,ADJ,1,2,5,2,1,3.26,6.81,5.87,6.25,6.41,426,6.05,0.75,1.59,9,NN,0,0,8,3,1,8.15,6.81,6.19,5.69,7,27,19,57,47
thesis,basketball,baseball,0.683483293,0.770274,0.107,13,5.88,9831,9.19,21.39,3.04,10,NN,0,0,9,3,2,5.3,5.67,6.17,6.19,5.75,18372,9.82,25.25,3.11,8,NN,0,0,6,2,2,4.83,5.79,5.98,6.26,18,7,30,40,283
thesis,inhale,air,0.699063094,0.408891,0.05,8,3.53,857,6.75,2.35,2.08,6,VB,0,1,5,2,2,7.26,5.36,4.55,5.9,5.67,81115,11.3,139.02,3.85,3,NN,7,20,2,1,1,3.94,6.71,4.62,6.53,17,26,5,150,34
thesis,doll,play,0.144132044,0.254607,0.058,13,5.36,5685,8.65,24.76,3.1,4,NN,12,26,3,1,1,3.68,5.58,5.27,6,4.22,149546,11.92,354.53,4.26,4,VB,6,15,3,1,1,4.1,7.55,4.49,6.53,21,17,5,120,65
thesis,glove,ball,0.011706192,0.716996,0.012,9,6.14,2355,7.76,10.1,2.71,5,NN,3,2,4,1,1,2.9,6.11,5.89,6.46,6.08,38502,10.56,104.96,3.73,4,NN,20,47,3,1,1,2.9,6.14,6.25,6.42,17,24,9,77,80
thesis,cake,walk,0,0.190194,0.033,19,6.11,6250,8.74,45.06,3.36,4,NN,19,30,3,1,1,3.26,7.58,6.23,6.6,4.28,33093,10.41,215.86,4.04,4,VB,9,17,3,1,1,3.45,6.77,5.05,6.57,12,20,27,76,17
thesis,liar,thief,0,0.262936,0.027,18,3.79,6138,8.72,35.14,3.25,4,NN,1,21,3,1,2,4.89,2.41,4.15,6.19,4.83,4276,8.36,24.27,3.09,5,NN,1,10,3,1,1,7.22,2.32,5.22,6.05,11,5,5,8,9
thesis,limousine,white,0.017999819,0.09285,0.013,16,6.2,525,6.26,2.82,2.16,9,NN,0,0,7,3,1,8.17,6.14,5.89,5.79,4.68,149742,11.92,171.45,3.94,5,ADJ,4,11,4,1,1,4.06,6.18,5.64,6.37,8,27,5,118,14
thesis,oil,car,0.062886453,0.051331,0.176,17,5.6,34785,10.46,41.08,3.32,3,NN,8,17,2,1,1,7.33,3.91,5.21,6.23,6.35,86253,11.37,483.06,4.39,3,NN,23,43,3,1,1,3.37,6.63,6.22,6.8,25,5,36,15,267
thesis,camp,lake,0.010099081,0.245806,0.02,19,5.69,15938,9.68,51.22,3.42,4,NN,10,10,4,1,1,5.78,7,5.51,6.26,5.7,21614,9.98,36,3.26,4,NN,22,40,3,1,1,4.61,7.13,5.98,6.43,15,23,8,207,95
thesis,tear,cry,0.368051649,0.295845,0.303,9,4.69,6617,8.8,27,3.14,4,NN,19,48,3,1,1,4.89,3.14,5.02,6.18,4.32,13252,9.49,65.65,3.52,3,VB,7,8,3,1,1,2.78,3.22,4.53,6.25,14,5,54,12,266
thesis,deer,forest,0.367300433,0.540496,0.056,18,3.96,4911,8.5,8.71,2.65,4,NN,14,48,3,1,1,5.17,6.89,6.4,6.13,6.37,17098,9.75,18.88,2.98,6,NN,1,1,6,2,1,6.28,6.68,6.3,6.03,9,21,10,223,209
thesis,cup,mug,0.580503524,0.398781,0.025,10,5.35,27792,10.23,51.65,3.42,3,NN,10,19,3,1,1,3.57,5.94,5.52,6.33,5.72,1642,7.4,6.84,2.54,3,NN,16,24,3,1,1,5.15,4.16,5.68,6.22,9,23,16,132,105
thesis,gold,jewel,0.380385359,0.148655,0.096,16,5.68,53067,10.88,78.94,3.61,4,NN,14,29,4,1,1,7.1,7.28,5.7,6.03,5.73,1980,7.59,7.24,2.57,5,NN,1,5,4,1,1,6.22,6.68,6.05,6.23,20,8,11,78,11
thesis,cage,zoo,0.355932263,0.404271,0.014,18,5.88,8498,9.05,20.27,3.01,4,NN,13,17,3,1,1,5.06,3.11,6.07,5.77,5.79,4317,8.37,13.65,2.84,3,NN,9,44,2,1,1,3.75,7,6.07,6.39,8,14,6,181,44
thesis,mud,dirt,0.442539015,0.422408,0.599,10,6.02,11445,9.35,14.82,2.88,3,NN,12,27,3,1,1,4.05,5.06,5.79,6.05,5.51,7642,8.94,25.69,3.12,4,NN,7,19,3,1,1,3.83,4.5,5.05,6.41,18,7,8,50,83
thesis,chair,stool,0.462130502,0.464467,0.032,14,6.12,18589,9.83,49.24,3.4,5,NN,3,36,3,1,1,3.43,5.89,5.89,6.65,5.66,1234,7.12,3.51,2.26,5,NN,4,17,4,1,1,6.21,4.47,5.75,5.66,16,47,24,347,26
thesis,four,two,0.701354636,0.579263,0.013,15,3.57,85200,11.35,255.78,4.12,4,Other,9,40,3,1,1,4.93,5.26,4.85,6.27,3.79,456473,13.03,1066.35,4.74,3,Other,3,53,2,1,1,4.24,6.3,4.39,6.7,14,5,8,21,6
thesis,sheep,lamb,0.758163384,0.539946,0.162,17,6.18,7524,8.93,13.43,2.84,5,NN,7,32,3,1,1,4.25,5.32,6.09,6.26,6.24,3444,8.14,10.63,2.73,4,NN,7,37,3,1,1,4.15,6.3,5.88,5.77,14,42,18,86,153
thesis,hawk,eagle,0.76534992,0.66725,0.136,8,6.1,3597,8.19,12.75,2.81,4,NN,5,25,3,1,1,6.74,6.46,5.85,5.78,5.63,6845,8.83,11.49,2.77,5,NN,1,5,3,2,1,5.83,6.47,6.1,5.87,11,15,20,88,110
thesis,tack,pin,0.710591389,0.159971,0.079,12,5.64,1603,7.38,2.12,2.04,4,NN,15,41,3,1,1,6.63,4.42,5.56,5.68,5.81,24742,10.12,16.37,2.92,3,NN,19,46,3,1,1,4.53,5.29,5.43,5.76,15,16,12,78,75
thesis,raspberry,strawberry,0.804514244,0.208861,0.135,15,5.9,674,6.51,1.88,1.99,9,NN,0,0,7,3,2,5.33,7.3,6.3,6.02,7,1622,7.39,5.53,2.45,10,NN,0,0,8,3,2,4.21,7.25,6.18,6.4,21,30,36,79,39
thesis,stove,oven,0.756197119,0.517065,0.279,11,5.75,1846,7.52,7.59,2.59,5,NN,8,9,4,1,1,4.32,5.63,5.91,6.23,5.45,3889,8.27,8.88,2.66,4,NN,6,3,3,2,1,5.67,6.16,5.72,6.35,9,12,24,38,137
thesis,come,travel,0.775008662,0.13896,0.014,13,3.51,232041,12.35,3140.98,5.2,4,VB,17,25,3,1,1,3.32,5.64,3.3,6.59,3.93,45977,10.74,33.37,3.23,6,VB,2,2,5,2,1,5.9,7.89,5,6.24,25,22,25,256,27
thesis,rain,sun,0.147250668,0.151868,0.064,18,5.77,17801,9.79,48.9,3.4,4,NN,12,51,3,1,1,3.6,6.58,5.89,6.43,6.23,74083,11.21,69.67,3.55,3,NN,21,40,3,1,1,3.4,6.92,6.04,6.85,14,18,16,106,64
thesis,blue,eye,0.261075246,0.189314,0.092,14,4.49,89005,11.4,102.39,3.72,4,ADJ,6,13,3,1,1,3.53,6.53,5.66,6.41,6.28,41052,10.62,111.78,3.76,3,NN,10,15,1,1,1,3.75,6.18,5.89,6.63,13,12,28,88,229
thesis,steel,building,0.082636763,0.189238,0.014,17,5.82,18414,9.82,18.45,2.97,5,NN,4,12,4,1,1,7.68,4.95,5.28,6.27,5.91,48370,10.79,99.57,3.71,8,NN,0,6,6,2,2,6.16,5.47,5.86,6.54,20,7,15,45,128
thesis,skin,care,0.061067857,0.081248,0.013,23,6.96,24973,10.13,44.04,3.35,4,NN,8,12,4,1,1,4.48,5.78,6.61,6.52,3.33,104469,11.56,485.25,4.39,4,NN,26,38,3,1,1,5.65,7.64,3.77,6.37,18,6,5,48,4
thesis,rocket,moon,0,0.274096,0.076,18,6.22,11027,9.31,11.84,2.78,6,NN,7,5,5,2,1,5.63,5.62,6.06,5.93,5.68,30689,10.33,49.96,3.41,4,NN,13,34,3,1,1,4.83,7,5.72,6.26,10,17,8,112,8
thesis,shot,pain,0,0.149887,0.034,13,4.57,42214,10.65,227.43,4.06,4,NN,14,33,3,1,1,4.26,2.82,5.29,6.05,4.22,36596,10.51,97.94,3.7,4,NN,14,48,3,1,1,4.26,5.32,4.96,6.43,13,5,5,5,54
thesis,saucer,milk,0,0.270329,0.091,11,6.02,1272,7.15,2.75,2.15,6,NN,2,5,4,2,2,3.37,6.74,5.38,6.07,6.66,15195,9.63,42.53,3.34,4,NN,8,10,4,1,1,3.37,2,6.32,6.62,18,19,22,26,130
thesis,envelope,mail,0.476577432,0.667265,0.131,10,5.75,10813,9.29,10.06,2.71,8,NN,1,0,7,3,1,6.25,5.95,5.48,6.16,4.96,260346,12.47,36.84,3.27,4,NN,20,59,3,1,1,4.65,6.28,5.42,6.28,15,11,5,40,6
thesis,chapel,temple,0.361128126,0.239673,0.02,11,5.66,2917,7.98,7.96,2.61,6,NN,0,5,4,2,1,6.95,6.67,5.55,5.58,6.69,13396,9.5,17.55,2.95,6,NN,0,5,5,2,1,8.79,5.3,5.02,5.34,12,12,5,4,10
thesis,wear,dress,0.581880494,0.654346,0.014,16,3.46,31161,10.35,109.33,3.75,4,VB,16,37,3,1,1,4.63,6.36,3.22,6.1,5.91,12384,9.42,87.2,3.65,5,VB,5,7,4,1,1,4.05,6.42,5.61,6.25,15,5,22,17,235
thesis,wet,swim,0.507236038,0.23303,0.047,11,4.74,16466,9.71,39.22,3.3,3,ADJ,18,31,3,1,1,2.47,5.64,4.91,6.32,4.85,5116,8.54,31.8,3.21,4,VB,7,12,4,1,1,4.17,6.71,5.52,6.32,19,5,39,20,51
thesis,fire,heat,0.347490168,0.134117,0.055,18,6.13,62707,11.05,215.49,4.04,4,NN,18,28,3,1,1,3.25,5.67,6.32,6.33,4.84,28372,10.25,40.08,3.31,4,NN,11,33,3,1,1,5.33,4.77,4.67,6.26,16,15,11,107,70
thesis,bowl,spoon,0.472091459,0.527516,0.078,22,5.26,10720,9.28,21.45,3.04,4,NN,10,49,3,1,1,4.26,5.67,5.66,6.2,5.88,2624,7.87,7.61,2.59,5,NN,5,12,4,1,1,2.5,5.9,5.38,6.53,12,15,36,161,73
thesis,freedom,country,0.366606932,0.226207,0.014,24,1.98,44824,10.71,33.1,3.23,7,NN,0,0,6,2,2,7.05,7.72,4.48,6.4,4.54,106711,11.58,161.84,3.92,7,NN,0,0,6,2,1,8.9,6.14,5.14,6.57,19,5,5,6,10
thesis,red,yellow,0.828788191,0.588427,0.024,14,4.97,103819,11.55,148.06,3.88,3,ADJ,18,35,3,1,1,3.68,5.67,5.88,6.55,5.18,19319,9.87,33.8,3.24,6,ADJ,3,9,4,2,1,3.2,6.09,6.18,6.3,20,5,11,8,54
thesis,toad,frog,0.774203841,0.879634,0.828,4,5.64,1692,7.43,5.69,2.46,4,NN,7,36,3,1,1,6.11,6,5.85,5.9,6.96,3126,8.05,11.82,2.78,4,NN,3,5,4,1,1,4.32,5.84,6.04,6.05,20,24,18,109,180
thesis,flame,fire,0.703179941,0.616207,0.511,14,5.81,34637,10.45,9.04,2.66,5,NN,5,9,4,1,1,6.25,5.9,5.76,6.23,6.13,62707,11.05,215.49,4.04,4,NN,18,28,3,1,1,3.25,4.32,6.32,6.33,18,40,15,236,107
thesis,carpet,rug,0.667211293,0.506301,0.248,17,5.68,9279,9.14,11.65,2.77,6,NN,1,1,6,2,1,6.05,5.95,5.22,6.02,6.12,1448,7.28,10.41,2.73,3,NN,19,26,3,1,1,4.61,5,5.57,6.54,12,35,28,151,58
thesis,cottage,hut,0.741466813,0.509668,0.032,11,5.93,1318,7.18,5.29,2.43,7,NN,1,0,5,2,1,8.5,6.63,5.93,5.59,5.85,1868,7.53,13.22,2.83,3,NN,20,30,3,1,1,8.1,5.1,5.54,5.6,17,15,6,66,75
thesis,talk,speak,0.764854431,0.478196,0.206,18,4.18,91547,11.42,855,4.64,4,VB,11,28,3,1,1,3.68,6.64,5.02,6.75,4.15,53714,10.89,187.18,3.98,5,VB,4,12,4,1,1,3.56,5.91,4.81,6.52,16,31,33,30,58
thesis,rifle,gun,0.709082778,0.616289,0.545,10,6.04,8290,9.02,14.57,2.87,5,NN,0,6,4,2,1,7.85,4.3,5.61,5.98,6.08,47274,10.76,213.2,4.04,3,NN,17,28,3,1,1,5.58,3.66,5.88,6.28,18,17,35,107,205
