Judgment,Q6,Q7,Q8,Q9,Q10,Q11,Q12,Q13,Q14,Q15,Q16,Q17,Q18,Q19,Q20,Q21,Q22,Q23,Q24,Q25,Q26,Judgment2,Q28,Q29,Q30,Q31,Q32,Q33,Q34,Q35,Q36,Q37,Q38,Q39,Q40,Q41,Q42,Q43,Q44,Q45,Q46,Q47,Q48,Judgment3,Q72,Q73,Q74,Q75,Q76,Q77,Q78,Q79,Q80,Q81,Q82,Q83,Q84,Q85,Q86,Q87,Q88,Q89,Q90,Q91,Q92,Q74,Q75,Q94,Q93,Q92,Q91,Q90,Q89,Q88,Q87,Q86,Q85,Q84,Q83,Q82,Q81,Q80,Q79,Q78,Q77,Q76,Q138,Q137,Q136,Q135,Q134,Q133,Q132,Q131,Q130,Q129,Q128,Q127,Q126,Q125,Q124,Q123,Q122,Q121,Q120,Q119,Q118,Q117,Q116,Q115,Q114,Q113,Q112,Q111,Q110,Q109,Q108,Q107,Q106,Q105,Q104,Q103,Q102,Q101,Q100,Q99,Q98,Q97
Judgment,Find - 1,Jail - Crime,Think - Thought,High - School,Food - Drink,Shovel - Fork,Fish - Bowl,Pigeon - Bird,Trumpet - Instrument,Walrus - Sea,Horse - Pony,Brick - Wood,Fence - Gate,Safe - Vault,Green - Red,Skillet - Pan,Soap - Shower,Wash - Bath,Orange - Tangerine,Basketball - Baseball,Inhale - Air,Judgment2,Doll - Play,Glove - Ball,Cake - Walk,Liar - Thief,Limousine - White,Oil - Car,Camp - Lake,Tear - Cry,Deer - Forest,Cup - Mug,Gold - Jewel,Cage - Zoo,Mud - Dirt,Chair - Stool,Four - Two,Sheep - Lamb,Hawk - Eagle,Tack - Pin,Raspberry - Strawberry,Stove - Oven,Come - Travel,Judgment3,Rain - Sun,Blue - Eye,Steel - Building,Skin - Care,Rocket - Moon,Envelope - Mail,Chapel - Temple,Wear - Dress,Wet - Swim,Fire - Heat,Bowl - Spoon,Freedom - Country,Red - Yellow,Toad - Frog,Flame - Fire,Carpet - Rug,Cottage - Hut,Talk - Speak,Rifle - Gun,Shot - Pain,Saucer - Milk,Find - ______,Jail - ______,Think - ______,High - ______,Food - ______,Shovel - _______,Fish - ______,Pigeon - ______,Trumpet - ______,Walrus - ______,Horse - ______,Brick - ______,Fence - ______,Safe - ______,Green - ______,Skillet - ______,Soap - ______,Wash - ______,Orange - ______,Basketball - ______,Inhale - ______,Doll - ______,Glove  - ______,Cake  - ______,Liar - ______,Limousine - ______,Oil - ______,Camp - ______,Tear - ______,Deer - ______,Cup - _______,Gold - ______,Cage - ______,Mud - ______,Chair - ______,Four - ______,Sheep - ______,Hawk  - ______,Tack - _______,Raspberry - ______,Stove - ______,Come - ______,Rain - ______,Blue - ______,Steel - ______,Skin - ______,Rocket - ______,Shot - ______,Saucer - ______,Envelope - ______,Chapel - ______,Wear - ______,Wet - ______,Fire - _______,Bowl - ______,Freedom - ______,Red - ______,Toad - ______,Flame - ______,Carpet - ______,Cottage - ______,Talk - ______,Rifle - ______
Associative,100,60,10,90,80,20,90,100,100,10,80,30,60,50,30,10,0,100,10,1,10,Semantic,50,50,0,20,100,70,50,100,50,50,70,30,90,50,0,60,30,50,0,70,50,Thematic,60,30,90,100,70,80,80,10,70,50,60,70,50,80,60,50,60,60,40,0,50,0,0,0,0,0,1,0,1,1,1,1,0,1,1,0,1,0,0,0,1,1,0,0,0,1,1,1,0,0,1,1,0,1,1,0,0,0,1,1,1,1,1,0,0,0,0,0,1,0,1,0,0,0,0,0,0,0,0,0,0,1,0,1
Associative,30,100,90,90,92,20,90,100,80,20,75,50,20,75,20,25,90,55,100,25,100,Semantic,90,100,35,75,20,100,100,100,75,100,100,50,45,25,10,100,100,50,25,25,25,Thematic,100,50,75,100,100,100,85,100,100,100,65,100,25,50,100,100,35,100,100,25,20,0,0,0,0,0,1,0,1,1,1,0,0,1,0,1,0,0,0,1,1,1,1,0,0,1,1,0,0,0,1,0,0,0,0,1,1,0,0,1,1,1,0,0,1,1,1,1,1,0,0,0,0,0,0,0,0,1,1,1,0,0,1,1
Associative,70,50,35,85,85,20,95,60,50,40,70,20,60,70,80,80,50,65,40,40,50,Semantic,10,10,0,50,10,25,25,90,5,95,75,50,85,90,25,80,85,85,90,90,10,Thematic,90,50,95,60,65,90,85,75,75,95,95,95,50,80,95,85,75,90,85,75,30,0,0,0,1,0,1,1,1,1,0,1,0,1,1,1,1,0,0,0,1,1,0,1,0,1,1,1,1,1,0,1,0,1,1,1,1,1,1,0,1,1,1,1,1,0,1,1,1,1,1,1,0,1,0,0,1,1,1,1,1,0,0,1
Associative,90,90,70,50,80,20,40,50,20,50,20,25,50,60,20,30,90,90,30,20,50,Semantic,70,80,20,30,50,50,60,70,20,60,60,70,70,70,10,50,40,60,30,80,40,Thematic,60,40,80,60,70,90,40,60,80,70,40,60,20,80,60,80,60,60,80,50,80,0,1,0,0,0,1,0,0,1,0,0,0,1,0,1,1,0,1,0,1,1,0,0,1,0,1,0,0,1,0,0,0,0,1,0,0,1,0,1,0,0,0,0,0,0,0,0,0,1,0,0,0,0,0,0,0,1,1,0,1,0,1,1
Associative,,,,,,,,,,,,,,,,,,,,,,Semantic,,,,,,,,,,,,,,,,,,50,,,,Thematic,,,,,,,,,,,,,,,,,,,,,,,0,,,,,1,,,,,,,,,,,,,,,,0,,,,,,,,,,,,,,,,,,,,,0,,,,,,,,,,,,,,,1,,1,,
Associative,40,30,35,45,80,5,60,55,75,15,55,5,55,30,20,60,75,20,10,0,5,Semantic,50,80,1,100,2,60,50,99,3,95,85,95,95,100,95,100,95,100,95,100,50,Thematic,0,20,25,10,95,95,99,50,100,100,100,75,65,100,100,100,100,100,100,95,70,1,0,0,1,1,1,1,1,1,1,1,1,1,0,1,1,0,1,1,1,1,1,1,1,1,1,1,1,1,1,1,1,1,1,1,1,1,1,1,1,1,1,1,1,1,1,1,1,1,1,1,1,1,1,1,1,1,1,1,1,1,1,1
Associative,55,33,35,55,80,3,70,56,65,60,70,15,45,20,25,45,40,17,25,30,35,Semantic,55,68,18,65,25,45,46,83,46,92,59,58,79,90,50,92,87,74,82,74,62,Thematic,28,55,48,23,48,69,90,52,47,86,72,30,71,95,94,94,80,95,89,62,68,0,0,1,0,0,0,0,1,0,0,0,0,1,0,1,1,0,0,0,1,1,1,0,1,1,1,1,1,0,0,0,0,1,0,1,1,1,1,0,1,1,0,1,1,1,0,1,1,0,1,1,1,0,0,0,1,0,1,1,1,1,0,0
Associative,25,30,40,15,85,0,60,60,50,2,45,0,80,19,20,75,25,30,12,35,10,Semantic,75,50,1,50,10,10,20,60,60,95,50,85,90,60,50,99,80,90,50,80,10,Thematic,80,50,50,50,80,90,80,80,20,90,80,10,95,95,90,95,90,100,95,95,20,1,1,1,1,1,1,0,1,1,1,1,1,1,1,1,1,1,1,1,1,1,1,1,1,1,1,1,0,1,1,1,1,1,1,1,1,1,1,1,1,1,1,1,1,1,1,1,1,1,1,1,1,1,0,1,1,0,1,0,1,1,1,1
Associative,75,15,20,85,20,10,25,50,50,20,20,40,60,50,20,80,60,30,20,10,20,Semantic,50,50,0,30,0,90,80,100,40,100,100,20,100,100,80,100,80,100,80,90,0,Thematic,100,90,70,80,80,100,100,90,100,90,80,80,80,100,100,100,70,100,100,80,0,0,0,1,0,0,0,0,1,0,0,0,0,0,0,1,1,0,0,0,1,1,1,0,0,1,0,0,1,1,1,0,0,1,1,1,1,1,1,1,1,1,0,1,0,1,1,0,1,1,1,1,0,1,1,0,0,0,1,0,1,1,0,1
Associative,88,85,55,78,90,23,78,86,85,45,87,44,90,62,30,65,65,80,82,32,25,Semantic,55,30,10,45,30,50,40,90,30,90,45,65,95,85,80,90,65,95,85,95,40,Thematic,10,30,55,85,40,80,55,90,100,90,100,75,20,90,100,81,30,75,80,80,45,0,,,,,,,1,,,,,,,,,,,,1,,1,1,,,,,,,,1,,,1,0,1,,1,1,1,1,,1,,,1,,,,0,,,,1,,1,,1,0,,,,
Associative,50,100,100,100,90,40,95,90,100,80,100,80,65,80,50,87,100,60,100,100,70,Semantic,100,100,30,100,100,90,100,100,80,100,90,90,95,100,5,100,100,90,60,100,40,Thematic,90,100,100,100,70,100,75,100,90,90,100,100,60,100,100,95,85,90,90,100,100,0,1,1,0,0,1,1,1,1,1,1,1,1,0,1,1,1,1,1,1,1,1,0,0,1,1,1,1,1,1,1,1,1,1,1,1,1,1,1,1,1,1,1,0,1,1,1,0,1,1,1,0,1,1,0,0,0,1,1,1,1,0,1
Associative,20,70,10,50,60,5,50,60,40,20,45,10,50,30,30,40,20,40,15,10,40,Semantic,25,70,2,50,3,30,60,85,70,80,40,40,60,70,10,65,60,70,30,95,40,Thematic,30,30,30,40,50,45,40,70,40,30,90,35,60,10,80,65,90,60,20,25,30,0,0,1,0,0,1,1,0,1,0,0,0,1,1,1,1,1,0,0,1,1,1,0,1,0,1,1,1,1,0,1,0,1,1,1,1,0,0,1,1,1,0,0,0,1,1,1,1,1,1,0,0,1,0,1,1,0,1,1,1,1,1,1
Associative,50,20,10,70,40,10,75,25,50,5,25,30,40,60,25,15,80,75,40,60,50,Semantic,60,55,5,15,10,35,20,60,40,80,15,30,90,65,75,80,80,75,80,90,5,Thematic,10,1,75,90,95,95,10,60,75,95,80,80,40,40,90,90,80,80,40,50,55,0,0,0,0,1,0,0,1,1,0,0,0,1,1,0,0,0,0,0,1,1,1,1,0,1,1,0,0,1,1,1,1,1,0,1,1,0,1,1,1,0,1,0,0,1,1,1,0,0,1,0,0,1,1,1,1,1,1,0,0,1,1,1
Associative,29,17,18,60,62,2,40,65,38,18,8,22,12,8,15,13,22,29,8,22,30,Semantic,67,38,2,15,22,12,22,97,30,85,67,68,80,60,22,95,70,82,70,70,19,Thematic,85,85,90,90,92,90,80,90,75,92,95,75,70,85,99,92,85,100,95,90,78,0,0,0,0,0,1,1,1,1,1,0,0,1,0,0,1,0,1,0,1,1,1,1,0,1,1,0,1,1,1,1,1,0,1,1,1,1,1,1,1,1,1,0,0,1,1,1,0,1,1,1,1,0,0,1,1,0,1,1,1,1,1,1
Associative,55,55,35,85,32,45,25,55,11,55,35,55,45,55,25,65,15,45,25,55,35,Semantic,35,15,25,15,35,25,15,55,85,45,45,25,65,25,44,35,35,15,44,25,55,Thematic,25,3,14,84,65,14,25,84,25,36,45,65,45,55,82,25,15,2,84,14,84,0,1,0,0,0,0,0,1,0,0,0,0,0,0,0,0,0,0,0,1,1,1,0,0,0,0,0,0,0,0,0,0,0,0,0,0,0,0,0,0,0,0,0,0,0,0,0,0,0,0,0,1,0,0,0,0,0,0,0,0,0,0,1
Associative,80,95,90,25,90,0,70,80,60,35,40,25,80,70,60,50,95,80,25,60,80,Semantic,70,50,30,50,50,70,70,80,80,60,40,80,60,80,25,80,40,60,70,80,60,Thematic,30,50,50,60,50,90,60,50,80,90,90,70,60,90,80,70,70,80,90,30,30,0,1,0,0,1,1,0,0,1,1,0,1,1,0,0,1,0,0,1,1,1,1,0,0,1,1,0,1,1,1,1,1,1,0,1,1,1,1,0,1,1,0,1,1,0,1,1,1,0,0,0,1,0,0,0,1,0,1,1,1,1,0,1
Associative,40,30,20,50,20,50,50,30,30,30,30,40,20,60,40,20,40,30,20,40,50,Semantic,70,30,30,30,2010,20,30,20,20,40,30,30,40,60,40,30,20,30,30,50,20,Thematic,40,20,20,20,20,20,30,30,30,20,30,20,30,30,30,20,20,30,30,30,20,,,,,,,,,,,,,,,,,,,,,,,,,,,,,,,,,,,,,,,,,,,,,,,,,,,,,,,,,,,,,,,
Associative,90,45,50,10,90,0,75,25,50,20,75,20,80,50,75,60,50,75,10,50,20,Semantic,75,75,5,75,5,80,75,80,75,10,25,50,75,80,50,95,50,25,25,90,10,Thematic,75,50,25,50,50,75,50,50,95,95,50,75,10,80,90,90,10,75,95,50,50,0,1,1,0,1,0,0,1,1,1,0,0,1,0,1,1,0,0,1,1,1,0,0,1,1,1,1,0,1,1,0,0,0,1,0,1,1,1,1,1,1,0,1,0,0,1,1,1,1,1,1,0,0,0,1,0,1,1,1,1,1,0,1
Associative,50,50,60,30,90,30,70,80,50,40,50,40,50,30,80,50,50,70,30,50,40,Semantic,20,20,20,22,20,20,30,40,30,80,60,30,80,80,80,80,90,80,90,60,20,Thematic,60,50,20,50,60,80,50,80,50,80,50,20,40,90,85,80,50,90,80,20,50,0,1,1,1,1,1,0,1,0,1,1,0,0,0,1,0,0,0,1,1,1,0,0,0,1,1,0,1,1,1,0,0,1,1,0,1,0,1,0,1,1,0,1,0,1,0,1,0,0,0,0,1,0,0,0,0,0,1,1,1,0,1,1
Associative,75,45,80,80,95,10,95,5,5,35,60,10,95,80,20,85,40,70,55,45,25,Semantic,85,40,0,25,5,35,35,90,50,,35,45,75,80,75,85,50,95,75,95,45,Thematic,50,70,70,80,95,95,45,95,90,90,85,95,75,55,95,80,45,95,70,70,40,1,0,1,0,0,1,0,0,1,1,0,0,1,1,1,1,0,0,0,1,1,1,0,1,1,1,0,1,1,1,0,1,0,1,1,1,1,1,1,0,1,0,0,0,0,1,1,1,0,1,1,0,0,0,1,0,0,1,1,0,1,0,1
Associative,30,30,20,40,30,20,20,40,20,10,20,30,20,30,30,20,30,30,50,60,40,Semantic,30,20,20,30,60,20,60,20,50,40,40,20,50,50,40,40,30,30,40,50,40,Thematic,20,20,50,80,40,30,40,40,20,20,60,30,30,30,50,50,40,60,40,40,30,,,,,,,,,,,,,,,,,,,,,,,,,,,,,,,,,,,,,,,,,,,,,,,,,,,,,,,,,,,,,,,
Associative,54,90,67,78,80,65,65,90,80,40,90,70,80,70,85,80,98,50,70,80,65,Semantic,85,85,70,70,70,97,78,98,70,90,90,65,67,75,65,90,89,70,90,90,75,Thematic,90,90,90,80,80,80,80,65,78,90,78,70,70,80,67,79,80,909,90,90,50,0,1,1,0,0,0,1,1,1,1,0,0,0,0,0,0,0,1,0,1,1,0,0,0,0,0,0,0,1,0,0,0,0,0,0,0,1,0,0,0,0,0,0,0,0,0,0,0,0,0,0,0,0,0,0,0,0,0,1,0,0,0,0
Associative,70,70,65,50,75,55,65,65,15,45,60,20,40,60,30,55,60,80,60,65,45,Semantic,30,45,10,0,35,25,30,80,30,80,65,55,70,65,40,75,45,55,60,65,30,Thematic,40,35,80,85,75,65,75,75,90,55,70,85,25,85,45,45,45,85,60,35,55,0,1,1,0,1,1,0,1,1,0,1,0,1,1,1,1,1,0,1,1,1,0,0,1,1,1,0,0,1,1,1,0,1,1,1,1,1,0,1,1,1,1,1,0,1,1,0,0,0,0,0,0,0,0,0,1,1,1,1,1,1,1,1
Associative,52,60,60,75,60,25,40,70,65,21,38,34,58,58,30,24,55,65,30,65,70,Semantic,44,24,11,60,12,18,18,75,30,88,72,40,82,78,11,90,79,86,78,85,11,Thematic,85,60,45,81,88,80,55,65,91,94,55,75,65,34,91,75,30,88,70,75,78,0,1,1,1,0,1,1,1,1,0,1,0,1,0,0,1,1,0,0,1,1,1,0,0,1,1,0,1,0,1,1,0,1,1,0,1,1,0,1,1,1,0,0,0,1,1,0,0,0,0,0,0,0,0,1,0,1,1,0,1,1,0,1
Associative,82,32,78,38,85,24,81,84,45,12,32,32,28,22,15,75,45,75,13,33,24,Semantic,85,47,23,42,11,82,86,95,55,93,72,95,93,42,45,96,62,85,75,95,45,Thematic,55,25,15,36,32,81,41,62,75,88,75,41,31,34,95,65,34,55,84,46,25,0,1,1,0,0,1,0,1,1,1,1,1,1,1,1,1,1,1,1,1,1,1,1,0,1,1,1,1,1,1,1,1,1,1,1,1,1,1,1,1,1,1,1,1,1,1,1,1,1,1,1,1,1,0,1,1,0,1,0,1,1,0,1
Associative,75,20,45,85,30,10,95,45,60,25,70,10,70,50,25,85,80,60,15,20,15,Semantic,80,75,15,35,20,25,35,80,40,90,15,50,90,65,25,60,85,80,40,65,20,Thematic,50,25,60,60,90,85,55,65,65,45,75,60,35,95,85,90,65,95,80,70,35,0,0,1,0,1,1,0,1,1,0,1,1,1,1,1,1,1,0,1,1,1,1,0,0,0,1,0,1,1,1,1,1,1,1,0,1,1,0,1,1,1,0,0,0,1,1,1,0,1,0,0,1,0,0,1,1,0,1,1,1,1,1,1
Associative,80,50,50,60,90,10,80,70,60,60,20,55,70,65,50,70,50,70,70,10,55,Semantic,50,90,20,70,20,50,80,30,40,40,20,60,40,20,50,50,40,20,30,70,50,Thematic,40,60,40,40,50,10,40,40,80,20,50,60,30,50,50,20,80,50,30,70,40,0,1,1,0,0,0,1,0,0,0,1,0,0,0,0,1,0,0,0,1,1,0,1,0,0,1,0,0,0,1,0,1,0,0,0,1,0,0,0,1,0,0,0,0,0,0,0,0,0,0,0,0,0,0,0,0,0,0,0,0,0,0,0
Associative,100,40,30,1,40,1,70,70,70,25,30,25,40,30,25,60,30,60,20,40,30,Semantic,20,50,10,50,10,10,50,50,10,95,70,20,90,70,90,50,80,90,80,100,10,Thematic,50,100,100,50,50,100,100,100,100,100,80,50,70,80,100,100,70,100,100,100,50,1,1,0,0,1,1,0,0,0,1,1,0,0,0,1,0,0,0,1,1,1,1,0,1,0,1,1,0,1,1,0,0,1,1,1,0,0,0,1,1,1,0,1,0,0,0,0,0,0,1,0,0,1,0,1,1,0,1,0,1,1,1,1
Associative,40,45,45,85,80,15,45,80,50,30,30,35,50,40,65,75,65,60,50,85,20,Semantic,25,30,0,35,10,25,30,30,10,90,75,35,80,80,20,85,85,85,65,90,35,Thematic,5,70,70,80,60,85,90,40,75,85,65,60,50,85,90,95,85,90,100,80,75,1,1,1,1,1,1,0,1,1,1,0,1,1,1,0,1,0,0,1,1,1,0,0,1,1,1,1,0,1,1,1,0,0,1,1,1,1,1,1,0,1,1,1,0,1,0,1,0,0,1,1,1,0,0,0,1,1,1,1,1,1,1,1
Associative,75,75,75,95,75,75,75,75,75,25,75,75,75,75,75,75,75,75,75,75,75,Semantic,75,75,75,75,75,75,75,75,75,75,75,75,75,75,75,75,75,75,75,75,75,Thematic,75,75,75,75,75,75,75,75,75,75,75,75,75,75,75,75,75,75,75,75,75,0,0,0,0,1,0,0,0,0,0,0,0,0,0,1,0,0,0,0,0,1,0,0,0,0,0,0,0,0,0,0,0,0,0,0,0,0,0,0,0,0,0,0,0,0,0,0,0,0,0,0,0,0,0,0,1,0,1,0,0,0,0,1
Associative,,,,,,,,,,,,,,,,,,,,,,Semantic,,,,,,,,,,,,,,,,,,,,,,Thematic,20,20,20,10,30,60,30,75,20,50,30,20,100,40,70,60,50,80,70,20,30,0,0,0,0,0,0,0,0,0,0,0,0,1,0,1,0,0,0,1,1,1,0,0,1,0,0,0,0,0,0,0,0,0,1,0,0,0,1,0,1,0,0,0,0,1,0,0,0,0,0,0,0,0,0,0,1,1,1,1,1,0,1,1
Associative,100,80,80,100,100,10,95,20,100,56,80,15,85,35,75,50,25,65,10,10,90,Semantic,80,75,0,0,10,75,50,80,80,95,75,90,95,50,80,90,85,80,90,85,75,Thematic,35,50,75,95,100,100,90,100,100,100,100,80,75,95,100,75,90,100,100,90,95,0,1,1,1,1,0,1,1,0,0,0,1,0,0,1,1,0,1,0,1,1,0,0,1,1,1,0,1,1,1,1,0,0,1,0,0,1,1,1,1,1,1,1,0,0,1,0,1,0,1,1,1,1,1,1,1,1,1,1,1,1,1,1
Associative,60,50,40,90,100,10,60,30,40,20,20,30,50,30,90,90,70,40,20,60,40,Semantic,40,60,10,50,30,40,70,70,20,90,70,70,90,80,80,90,90,90,80,90,30,Thematic,70,80,70,50,90,90,50,70,90,90,80,70,50,80,90,90,80,80,90,90,70,1,1,1,1,0,1,1,1,1,1,0,0,0,1,0,1,1,0,1,1,1,1,0,0,1,1,0,1,1,1,0,1,1,1,1,1,1,1,1,1,1,1,1,0,1,1,0,0,0,1,1,0,1,0,1,1,1,1,1,1,0,1,1
Associative,90,100,75,100,89,0,50,50,50,10,100,0,50,50,25,85,70,100,50,0,25,Semantic,25,50,42,0,0,45,45,75,54,35,35,40,35,40,0,50,55,55,0,35,35,Thematic,85,50,50,43,88,40,53,55,90,50,25,85,25,45,90,65,30,0,80,83,35,0,0,1,1,0,1,1,1,1,0,1,0,1,0,0,1,0,0,0,1,1,0,1,0,0,1,1,0,1,0,0,1,0,0,0,0,1,0,1,1,0,0,0,0,0,0,0,0,0,1,0,0,0,0,1,1,0,1,1,1,0,0,1
Associative,80,90,85,90,85,20,80,65,70,65,75,25,60,60,70,50,55,75,30,35,60,Semantic,25,25,15,20,10,10,20,30,20,90,50,45,90,55,20,85,65,65,35,90,15,Thematic,50,20,70,40,40,65,75,65,60,35,55,50,45,85,95,95,80,95,85,20,20,0,1,1,0,1,1,1,1,1,1,0,0,1,0,1,1,0,0,1,1,1,1,0,1,1,1,1,1,1,1,1,1,0,1,1,1,1,1,1,1,1,1,0,1,1,1,1,0,1,1,1,0,0,0,1,1,1,1,1,1,1,1,1
Associative,90,60,70,100,100,0,70,50,80,40,80,0,90,90,70,70,40,95,80,30,70,Semantic,50,80,10,40,20,30,50,90,20,100,50,80,100,90,80,100,70,90,70,100,0,Thematic,60,70,70,90,80,90,90,60,90,80,80,60,70,100,100,100,100,100,100,50,40,1,0,0,1,0,0,1,0,0,0,0,0,1,0,0,1,0,0,1,1,1,0,1,0,0,1,0,1,0,0,0,0,0,0,1,1,1,0,1,1,1,0,0,0,1,1,1,0,0,1,1,0,0,0,1,1,1,1,1,0,0,0,1
Associative,99,98,90,99,99,80,99,70,80,70,90,92,90,99,90,85,85,80,95,90,90,Semantic,80,70,60,70,40,70,60,90,70,90,90,70,99,90,50,90,90,99,80,90,70,Thematic,80,80,80,90,90,90,90,80,90,90,90,90,80,90,90,90,80,90,90,80,60,0,1,1,0,,0,0,1,1,1,1,,0,0,0,1,1,0,1,1,1,1,0,1,1,1,1,1,1,1,1,1,0,1,1,0,1,1,1,1,1,0,0,0,1,1,1,1,1,1,,0,1,1,1,1,1,1,0,1,1,1,1
Associative,80,75,100,100,100,10,80,85,80,85,90,50,100,90,70,80,100,90,85,50,100,Semantic,60,100,60,90,50,75,100,100,70,100,100,95,100,100,40,100,100,100,50,100,50,Thematic,30,100,100,100,100,100,100,100,100,100,100,100,20,100,100,100,100,50,100,100,90,0,0,0,0,0,0,0,1,0,0,0,0,1,0,0,1,0,0,0,0,1,0,0,0,0,0,0,0,1,1,0,0,0,1,0,0,0,1,0,1,1,0,0,0,0,0,1,0,0,1,0,0,0,0,0,0,1,1,1,1,0,0,1
Associative,50,10,10,25,50,0,30,50,50,10,5,10,20,20,20,10,20,10,10,5,0,Semantic,100,50,0,20,0,50,20,100,80,80,90,70,90,80,50,80,70,80,60,80,0,Thematic,20,0,80,10,50,100,100,30,80,100,80,50,50,90,100,100,70,100,100,80,50,0,0,0,1,1,1,0,0,1,1,0,0,1,0,0,1,1,1,0,1,1,1,1,0,1,1,1,1,1,1,1,1,1,1,1,1,1,0,1,1,1,0,1,0,0,1,1,1,1,1,1,1,1,1,1,1,0,1,0,1,1,1,1
Associative,85,75,10,80,40,5,75,70,15,30,50,5,80,25,5,20,25,15,20,75,30,Semantic,90,70,20,60,50,20,75,90,60,90,30,25,40,40,5,70,80,90,30,95,10,Thematic,50,10,30,20,80,90,40,90,25,30,80,10,30,20,80,75,40,75,80,80,20,0,0,0,0,1,1,1,1,0,1,1,0,1,0,0,1,1,0,0,1,1,1,0,1,0,1,1,0,1,1,0,1,0,1,0,1,1,1,1,1,1,1,0,0,0,1,1,1,0,1,1,0,1,0,1,1,1,1,1,1,1,0,1
Associative,99,88,99,85,100,11,68,96,89,30,65,50,100,99,50,100,100,89,100,89,45,Semantic,100,99,50,85,50,100,100,100,100,100,100,50,100,45,50,95,100,99,50,100,89,Thematic,100,95,90,100,50,100,100,89,99,99,90,100,50,100,100,88,100,100,100,100,86,0,1,1,0,0,0,1,1,1,1,0,0,0,0,0,1,0,0,0,1,1,0,0,1,0,1,0,0,1,1,1,0,0,0,1,1,0,1,1,1,0,0,0,0,0,0,0,1,0,1,0,0,0,0,0,0,0,1,1,0,0,0,1
Associative,50,75,30,90,90,30,90,60,85,50,80,65,50,30,65,85,50,50,80,70,50,Semantic,50,60,50,70,50,50,70,90,70,95,50,80,80,70,90,90,90,80,70,95,30,Thematic,30,70,50,50,60,80,80,80,80,80,70,70,30,90,90,90,80,90,90,50,60,1,0,0,0,1,1,1,0,1,1,0,0,0,1,1,1,0,0,1,1,1,0,0,0,1,1,0,0,1,1,0,1,1,1,1,1,1,1,1,1,1,0,1,1,1,1,0,0,0,0,1,1,0,0,1,1,0,1,1,1,1,1,1
Associative,75,78,68,67,85,13,88,72,60,25,90,62,59,51,73,91,43,84,54,71,65,Semantic,,,,,,,,,,,,,,,,,,,,,,Thematic,,,,,,,,,,,,,,,,,,,,,,0,0,1,0,0,1,0,1,1,1,1,0,1,1,0,1,1,0,1,1,1,1,0,0,1,1,1,0,1,1,1,0,1,1,1,1,1,1,1,1,1,1,1,1,1,0,0,0,1,1,1,0,1,0,1,1,0,1,0,1,0,1,1
Associative,80,90,10,90,95,0,50,30,10,1,80,20,15,60,90,5,5,40,1,95,0,Semantic,100,100,0,50,10,100,100,100,90,100,100,100,100,100,50,100,100,100,100,100,20,Thematic,60,30,20,40,30,40,100,20,90,100,100,4,10,100,100,40,5,40,90,1,10,0,1,1,0,0,1,0,1,0,1,1,0,1,0,0,1,0,0,1,0,1,1,1,1,1,1,1,1,1,1,1,0,1,1,1,0,1,1,1,1,1,1,0,0,1,0,1,1,0,1,1,0,1,0,1,1,1,1,1,1,1,0,1
Associative,80,30,20,80,80,2,50,70,15,10,40,10,40,20,50,20,5,20,10,15,10,Semantic,0,15,0,10,0,1,1,99,1,90,10,10,85,75,85,99,40,85,60,90,1,Thematic,0,20,10,10,80,95,70,75,70,80,90,90,10,100,100,95,90,100,100,5,80,0,0,1,0,0,1,1,1,1,1,0,1,1,1,1,1,1,0,0,1,1,1,1,1,1,1,1,1,1,1,1,1,0,1,1,1,1,1,1,1,1,1,1,1,0,1,1,1,1,1,1,1,0,0,1,1,1,1,1,1,1,1,1
Associative,30,80,80,60,80,50,40,80,50,40,40,30,40,80,40,40,40,60,80,40,40,Semantic,60,40,40,40,20,60,80,60,20,40,40,80,50,80,50,50,60,40,40,30,40,Thematic,40,40,80,60,50,80,40,40,50,70,60,50,60,60,60,50,70,30,50,50,50,1,1,1,1,1,1,1,1,1,0,1,1,1,1,1,1,1,1,1,1,1,1,1,1,1,1,1,1,1,1,1,1,1,1,1,1,1,1,1,1,1,0,1,1,1,1,1,1,1,1,0,1,1,0,1,1,0,1,1,1,1,1,1
Associative,99,35,35,95,95,65,85,80,30,65,65,40,60,80,99,40,40,85,50,86,73,Semantic,85,75,40,70,75,90,70,90,90,100,85,90,100,100,80,90,100,95,85,95,65,Thematic,100,80,95,100,100,100,70,95,95,90,100,90,95,100,100,100,95,100,100,100,95,0,0,0,0,1,1,0,0,0,0,0,0,1,0,0,0,0,0,0,0,1,1,0,0,1,0,0,0,0,1,0,0,0,0,0,0,0,0,0,1,0,0,0,0,0,0,0,0,0,1,1,0,0,0,0,1,1,1,0,0,0,0,0
Associative,100,95,100,89,80,10,60,100,100,50,100,36,95,99,10,90,25,85,50,87,90,Semantic,60,65,65,90,15,64,30,85,60,90,80,36,99,95,10,100,90,99,65,99,0,Thematic,60,60,68,89,98,80,99,60,65,65,65,35,10,68,89,100,78,99,99,60,36,0,1,0,0,1,1,0,1,1,1,1,1,1,1,1,1,0,0,1,1,1,1,0,1,1,1,1,0,1,1,1,0,1,1,1,1,1,1,0,1,1,0,1,0,1,1,1,0,1,1,1,1,0,0,0,1,0,1,0,1,1,1,1
Associative,80,60,40,80,80,10,70,70,70,20,40,20,20,60,30,50,55,60,20,40,60,Semantic,20,30,0,60,90,40,10,90,10,90,50,90,80,60,40,70,90,70,80,90,10,Thematic,80,60,60,90,20,90,20,90,80,60,80,40,20,60,90,40,10,80,70,50,40,1,1,0,0,1,1,1,0,1,1,0,0,0,0,1,1,1,0,1,1,1,0,0,1,0,1,1,0,1,1,0,1,1,1,1,1,1,1,1,1,1,0,0,0,1,1,1,0,0,1,1,0,0,0,0,1,0,1,0,1,0,0,1
Associative,80,50,60,80,90,0,70,70,40,30,70,40,70,20,60,70,50,60,40,50,40,Semantic,5,50,5,30,5,40,30,50,20,90,50,30,90,60,50,90,90,70,80,95,10,Thematic,60,70,70,90,60,70,40,80,70,80,80,70,30,60,90,60,50,90,70,60,40,0,1,0,1,1,0,1,1,0,0,0,0,0,1,0,1,0,0,0,1,1,0,0,0,1,1,0,1,1,1,0,0,0,1,0,1,1,0,1,1,1,1,0,1,1,0,1,0,1,1,0,1,0,0,1,1,1,1,0,1,0,0,1
Associative,20,80,50,20,35,0,10,80,40,15,10,15,30,75,10,50,20,25,30,40,70,Semantic,25,50,0,25,0,25,75,75,50,50,50,25,100,50,100,75,100,25,100,75,25,Thematic,25,25,0,50,25,75,25,75,75,75,100,25,100,100,100,100,75,100,100,25,50,0,1,0,0,0,1,0,0,1,0,1,0,1,1,0,1,0,0,0,1,0,1,0,0,0,0,1,1,1,1,0,0,1,1,1,1,1,0,1,1,1,0,0,0,1,1,1,1,1,1,1,1,0,1,0,1,0,1,1,1,0,1,1
Associative,80,70,80,80,60,70,60,70,80,40,70,80,90,90,40,60,60,70,70,60,,Semantic,80,60,50,80,60,68,70,60,59,70,70,70,50,70,70,60,60,70,50,80,70,Thematic,80,40,80,40,60,70,60,60,80,70,60,60,80,70,50,80,70,40,60,60,70,0,1,1,0,1,0,0,1,1,0,1,0,0,0,1,0,0,0,0,1,1,0,0,0,0,0,0,0,0,0,0,1,0,0,0,0,0,1,0,0,1,0,1,0,0,0,0,0,0,0,0,0,0,0,0,0,0,0,1,0,0,1,1
Associative,80,80,60,50,90,80,70,100,100,60,80,60,90,100,90,30,80,100,70,60,60,Semantic,60,70,60,60,70,60,50,80,80,60,50,60,30,80,40,60,70,60,50,50,40,Thematic,60,60,70,80,70,60,40,90,40,50,80,50,60,90,60,50,60,60,40,50,40,0,0,,,0,0,0,,,0,0,1,1,1,,,0,1,0,,1,0,,0,1,,0,0,0,1,0,0,,0,0,1,1,,,1,,0,0,0,,0,,,,0,,0,0,0,0,1,0,1,1,0,,,
Associative,30,55,80,95,65,1,60,80,90,25,45,10,70,80,35,70,60,10,65,10,5,Semantic,75,90,1,65,20,30,25,90,70,40,65,1,80,30,20,45,20,80,25,85,20,Thematic,80,30,10,35,85,65,55,20,65,85,65,90,10,10,95,35,20,95,99,95,10,0,0,1,0,1,1,1,1,1,1,1,1,1,1,1,1,0,0,1,1,1,1,1,0,1,1,1,1,1,1,1,1,1,1,1,1,1,1,1,1,1,1,1,1,1,1,1,1,1,1,1,1,1,1,0,1,1,1,1,1,1,0,1
Associative,60,50,40,60,70,10,40,60,30,20,30,30,50,60,20,30,30,30,20,20,40,Semantic,30,30,20,40,30,40,30,90,30,60,20,30,70,60,30,50,30,40,30,30,20,Thematic,50,40,60,50,80,70,60,50,50,70,50,60,40,80,100,80,60,100,60,70,40,1,1,1,1,1,1,1,1,1,1,1,1,1,1,0,1,0,1,1,1,1,1,1,1,1,1,1,1,1,1,1,1,1,1,1,1,1,1,1,1,1,1,1,0,1,1,1,0,1,1,1,1,1,0,1,1,1,1,1,1,1,1,1
Associative,20,80,90,20,40,5,45,75,30,60,55,15,40,10,75,60,30,15,15,30,15,Semantic,60,60,20,35,10,70,20,80,30,95,60,40,75,90,50,85,80,95,85,97,15,Thematic,55,10,10,30,50,80,70,65,50,60,74,35,40,85,90,80,70,95,85,15,15,0,0,1,1,1,1,1,1,1,1,1,1,1,1,1,1,0,0,1,1,1,1,0,0,1,1,1,1,1,1,1,0,0,1,1,1,1,1,1,1,1,1,0,1,1,1,1,1,0,1,1,1,1,1,1,1,0,1,0,1,1,1,1
Associative,40,90,60,90,70,5,2,180,70,30,80,40,70,40,5,80,50,90,30,40,20,Semantic,20,40,40,70,30,50,60,40,20,80,80,70,20,50,40,60,90,40,10,50,20,Thematic,40,80,40,80,60,70,70,40,60,80,60,35,20,70,90,70,80,50,50,80,40,0,0,1,0,0,1,0,1,1,1,1,0,1,1,0,1,0,0,0,1,1,1,0,0,1,0,1,0,0,0,1,0,0,0,0,1,1,0,1,1,0,1,0,1,1,1,0,0,1,1,0,0,0,1,0,0,1,1,0,1,0,1,1
Associative,82,58,88,90,90,20,90,74,75,80,68,60,70,70,50,79,85,87,84,77,84,Semantic,60,30,20,40,40,55,60,70,50,70,55,50,75,85,60,80,75,95,60,85,35,Thematic,50,77,90,75,70,95,65,90,70,80,75,80,80,70,85,70,85,80,85,80,65,0,1,0,0,1,1,0,1,1,1,1,1,1,1,1,1,0,0,1,1,1,1,0,1,1,1,1,1,1,1,1,1,1,1,1,1,1,1,1,1,1,1,1,1,1,1,1,1,1,1,1,1,1,0,1,1,1,1,1,1,1,0,1
Associative,70,40,70,85,90,12,82,55,34,32,40,40,50,34,70,40,45,45,60,83,79,Semantic,30,40,15,80,10,60,30,85,60,75,15,75,85,75,80,80,80,60,80,90,10,Thematic,90,95,90,90,75,90,30,80,75,95,95,60,50,60,85,50,60,85,60,60,50,0,0,1,1,1,0,1,1,1,1,0,0,1,0,1,1,1,1,1,1,1,1,1,0,0,1,0,1,1,1,1,0,1,1,0,1,1,1,1,1,1,1,1,1,1,1,1,1,1,1,1,0,1,1,1,1,0,1,1,1,1,1,1
Associative,60,80,50,90,50,10,50,20,30,20,50,10,60,20,50,50,50,80,20,50,20,Semantic,50,60,10,75,10,50,20,100,50,100,50,80,100,80,20,100,20,100,50,100,20,Thematic,50,20,50,50,25,50,100,100,75,50,50,100,50,100,50,100,100,100,100,100,50,0,0,0,0,0,0,1,1,1,1,1,0,1,1,1,1,0,0,1,1,1,1,0,1,1,1,1,1,1,0,1,0,1,1,0,1,0,0,1,1,1,0,1,0,1,1,1,0,1,1,0,1,0,0,1,1,0,1,1,1,0,1,1
Associative,45,54,25,22,85,5,48,90,70,15,35,10,40,73,65,66,62,78,30,55,50,Semantic,33,42,2,39,5,45,10,85,35,76,27,70,90,78,80,84,90,82,88,55,48,Thematic,80,15,57,42,85,80,66,75,97,74,59,32,78,81,98,85,49,99,93,82,39,0,1,1,1,1,1,1,1,1,1,1,1,1,1,1,1,0,1,1,1,1,1,1,1,1,1,1,1,1,1,0,1,1,1,1,1,1,1,1,1,1,1,1,1,1,1,1,1,1,1,1,1,0,0,1,1,1,1,1,1,1,1,1
Associative,90,95,75,80,100,30,90,80,40,65,90,50,85,80,50,80,80,78,92,85,65,Semantic,90,100,75,60,50,100,70,100,90,95,100,90,100,90,60,90,75,75,75,100,10,Thematic,65,85,80,100,40,100,50,90,90,100,80,75,60,100,100,90,60,100,95,85,70,0,1,1,0,1,1,1,1,1,1,0,0,1,0,1,1,1,0,1,1,1,1,1,1,1,1,1,1,1,1,1,0,0,1,0,1,1,1,1,1,1,0,0,0,1,1,1,1,1,1,1,1,1,0,0,1,0,1,1,1,1,1,1
Associative,70,70,90,70,70,30,60,50,40,30,60,30,60,60,50,50,60,40,55,70,50,Semantic,70,70,60,80,80,60,70,60,60,75,60,60,50,50,40,50,70,50,50,70,60,Thematic,70,70,60,70,40,70,60,60,50,60,60,60,50,80,60,70,50,70,70,70,50,0,0,1,0,1,1,0,1,1,0,1,0,0,1,0,0,1,0,1,1,1,0,0,1,1,1,1,1,0,0,0,0,0,1,1,1,1,0,0,1,1,0,1,0,0,0,0,0,0,1,0,0,0,1,0,0,0,1,1,0,0,1,1
Associative,20,30,80,20,70,0,40,85,35,20,35,30,65,65,40,45,40,50,60,30,45,Semantic,45,20,20,70,10,35,15,70,20,25,65,15,80,20,50,60,25,15,25,90,0,Thematic,30,30,100,60,70,40,60,100,20,100,65,100,50,100,100,100,80,100,100,60,0,0,0,1,1,0,1,1,1,1,1,1,1,1,1,1,1,1,0,1,1,1,0,0,1,1,1,0,1,0,1,1,1,0,1,1,1,1,1,0,1,1,0,0,0,0,1,1,1,1,1,0,0,0,0,1,1,1,1,1,0,1,0,1
Associative,85,50,40,80,80,10,60,70,20,40,70,10,65,25,25,25,55,80,5,5,80,Semantic,10,50,80,5,1,30,18,80,30,70,40,3,40,45,10,60,40,40,25,20,1,Thematic,50,50,20,20,40,95,100,55,75,100,50,80,10,100,100,100,100,100,100,50,50,0,1,1,1,0,0,1,1,1,1,1,0,1,1,1,1,0,0,0,1,1,1,1,0,1,1,1,0,1,1,0,0,1,1,1,1,0,1,1,1,1,0,1,1,1,1,1,1,1,1,1,0,1,1,1,1,1,1,1,1,1,1,1
Associative,50,70,60,60,90,1,80,80,70,30,70,10,80,75,10,80,30,60,70,60,60,Semantic,60,50,30,60,30,60,60,80,60,90,70,80,90,80,50,90,70,90,60,100,60,Thematic,70,60,70,70,70,90,88,80,75,90,70,60,60,99,90,90,60,99,99,80,70,1,0,0,0,0,1,0,1,0,1,1,1,1,0,1,1,0,0,0,1,1,0,0,0,1,1,1,1,1,1,0,0,1,1,1,1,1,0,1,1,1,1,0,0,1,0,1,0,0,1,1,0,0,0,1,0,0,1,1,1,1,1,1
Associative,50,50,40,60,50,1,40,30,10,20,20,1,30,30,60,30,40,30,20,20,20,Semantic,1,70,30,70,20,60,50,90,90,70,90,80,80,50,20,80,40,50,50,75,50,Thematic,10,50,40,80,80,90,50,20,90,80,50,1,20,40,90,60,50,90,90,90,50,0,0,1,1,0,1,1,1,1,1,1,0,1,1,1,1,0,0,0,1,1,1,0,0,0,1,0,0,1,0,1,0,0,1,0,0,0,1,0,1,1,0,0,0,1,1,1,0,1,1,1,0,0,0,1,1,0,1,1,1,1,0,1
Associative,90,60,15,90,90,1,80,70,80,20,40,5,30,30,10,60,50,50,5,5,30,Semantic,80,40,10,70,80,90,60,70,80,30,10,90,10,10,5,5,10,30,40,20,20,Thematic,100,40,60,40,90,100,90,70,50,90,95,90,100,95,100,95,80,100,100,100,50,1,0,1,0,1,1,1,1,1,1,1,1,1,0,1,1,0,0,1,1,1,1,1,1,1,1,1,1,1,1,1,1,1,1,1,1,1,1,1,1,1,0,1,0,0,1,1,1,0,0,0,0,0,1,0,1,0,1,0,1,1,1,1
Associative,68,45,43,99,98,23,99,58,80,90,80,89,90,68,75,89,76,89,56,34,34,Semantic,75,75,25,90,10,55,75,90,25,90,90,75,90,90,90,99,90,80,80,90,50,Thematic,90,70,90,90,100,90,80,70,80,90,90,60,70,90,90,100,80,90,90,90,90,0,0,0,0,1,1,0,0,0,1,0,0,0,0,1,1,0,0,1,1,1,0,0,1,1,1,0,0,1,0,0,1,1,1,1,1,1,1,1,1,1,1,0,0,1,1,0,0,0,1,1,0,1,0,1,1,0,1,1,1,1,0,1
Associative,95,85,70,95,95,80,90,95,75,85,90,80,90,80,85,85,90,95,80,90,95,Semantic,75,65,30,80,5,35,45,65,35,85,45,50,75,85,85,80,75,80,60,65,55,Thematic,45,35,60,65,65,50,35,45,65,70,75,65,45,65,80,75,45,70,60,75,60,1,0,1,1,1,0,0,1,0,0,0,0,1,1,1,1,0,0,0,1,1,1,1,0,1,1,1,1,1,1,0,0,1,1,1,1,1,1,1,1,1,1,1,0,1,1,1,1,0,1,1,0,0,1,1,0,0,1,1,1,1,0,1
Associative,90,90,80,90,90,23,90,90,90,90,90,90,90,90,90,90,90,90,90,90,90,Semantic,90,90,90,90,90,90,90,90,80,90,90,90,90,90,90,90,90,90,90,90,0,Thematic,9,90,90,90,9,90,90,90,90,90,80,0,90,90,90,90,90,90,90,90,90,0,0,1,0,1,0,1,1,1,1,1,0,1,1,0,1,0,1,0,0,1,1,0,0,0,1,1,0,0,1,0,0,0,1,0,0,0,0,1,0,0,0,1,0,0,0,0,0,0,0,0,0,0,0,0,0,0,1,1,0,0,0,1
Associative,90,95,20,20,95,80,40,90,85,20,90,50,96,85,100,60,50,90,80,80,20,Semantic,40,0,0,20,0,0,0,10,10,100,20,10,100,10,0,100,20,100,90,100,0,Thematic,60,50,100,0,100,100,100,100,90,100,100,100,90,80,100,100,100,100,100,100,80,,0,1,0,,0,0,,,,,,0,0,0,1,0,0,,1,0,1,0,,0,0,0,,,,1,1,0,1,0,1,1,0,1,0,1,0,,0,0,1,1,0,,0,0,,0,0,0,1,0,0,,1,0,0,1
Associative,10,30,10,50,40,5,50,90,80,30,20,20,20,40,10,40,40,20,20,50,50,Semantic,20,30,5,60,5,20,20,50,10,90,50,20,80,90,90,90,90,90,80,90,70,Thematic,20,40,50,20,80,80,80,80,60,90,80,10,80,90,90,90,40,90,90,70,50,0,1,1,1,1,0,0,1,1,1,0,1,1,1,0,1,0,0,1,1,1,1,1,1,1,1,0,1,1,1,0,1,1,1,1,1,1,0,1,0,1,0,1,0,1,1,1,1,1,1,1,0,0,0,1,1,0,1,1,1,1,1,1
Associative,60,100,100,15,27,10,0,90,100,1,55,0,100,5,0,10,85,90,80,20,56,Semantic,25,90,0,76,50,30,70,100,80,80,100,90,100,100,42,90,23,56,75,80,20,Thematic,23,58,10,60,56,100,100,13,100,100,50,100,20,100,100,100,5,100,100,100,20,1,0,1,0,0,1,0,1,1,1,1,0,0,0,0,0,0,0,1,1,1,1,0,0,0,1,1,0,1,1,0,0,0,0,1,1,1,1,0,1,0,0,0,0,1,1,1,0,1,1,0,0,0,1,0,0,1,1,1,1,1,0,0
Associative,90,90,95,95,98,20,92,75,95,60,45,20,80,95,90,60,96,50,96,90,98,Semantic,20,50,2,50,50,70,20,80,80,95,40,90,50,80,50,90,40,80,50,60,50,Thematic,80,80,90,80,90,100,90,100,100,100,95,95,100,90,100,90,100,100,100,70,80,,,1,,1,1,,1,1,0,1,1,,1,1,1,1,,1,1,1,1,,1,0,1,1,1,1,1,1,1,1,1,1,1,1,1,1,0,1,1,1,0,1,1,1,1,1,1,0,1,,1,1,1,0,1,1,1,1,1,1
Associative,50,50,65,80,90,50,50,30,50,25,100,25,80,65,30,50,80,100,75,45,45,Semantic,0,100,0,0,0,0,0,100,100,100,100,100,100,100,0,0,0,0,0,100,0,Thematic,0,100,0,0,0,0,0,0,0,100,0,0,0,100,100,0,0,100,100,0,0,0,0,0,0,0,0,1,0,0,0,1,0,0,0,1,1,0,0,0,1,0,0,1,1,1,1,0,0,0,1,0,0,0,0,1,0,1,1,0,1,1,0,0,0,1,0,0,0,0,1,1,0,0,1,1,0,0,1,0,0,0,0,1
Associative,80,80,50,90,40,2,80,75,40,50,75,20,30,80,30,40,70,40,40,35,30,Semantic,30,5,0,75,75,10,10,70,30,90,25,65,90,90,5,90,70,80,80,75,5,Thematic,65,75,20,50,65,85,75,60,80,75,75,50,50,80,90,95,80,100,90,45,75,0,0,0,0,0,0,0,1,0,1,0,0,0,0,1,1,0,0,0,1,1,0,0,0,1,0,0,0,1,0,0,0,1,1,1,1,1,1,1,1,1,0,1,0,0,1,0,0,0,1,0,0,0,0,0,0,0,1,0,1,0,0,1
Associative,10,5,5,5,5,5,1,10,10,5,5,10,5,5,5,30,5,5,5,5,10,Semantic,5,5,5,5,5,5,5,5,5,5,5,5,5,5,5,5,5,5,5,5,5,Thematic,10,10,20,50,10,10,10,10,20,20,20,10,20,20,20,30,20,40,20,20,10,0,0,0,0,0,0,0,0,0,0,0,0,0,0,0,0,0,0,0,0,1,0,0,0,0,1,0,0,0,0,0,0,0,0,0,0,0,0,0,0,0,0,0,0,0,1,0,0,0,0,0,0,0,0,,0,0,1,0,0,0,0,1
Thematic,20,25,25,10,38,1,25,30,40,18,20,10,28,15,3,15,20,30,18,30,27,Associative,85,75,35,50,30,65,75,80,80,90,65,75,65,80,20,60,70,75,65,90,30,Semantic,40,75,60,55,50,65,70,60,80,65,55,70,40,40,80,70,50,100,90,70,70,0,0,0,0,0,1,1,1,1,1,0,1,0,1,0,1,0,0,1,1,1,1,1,1,1,1,0,1,1,1,0,0,1,0,1,1,1,1,1,1,1,1,1,1,0,1,1,0,0,0,1,0,0,1,1,1,0,1,1,1,1,1,1
Thematic,50,75,100,30,100,10,70,100,65,30,100,50,100,100,100,80,100,70,100,70,85,Associative,70,70,40,50,50,75,80,90,45,100,40,70,95,70,30,100,100,65,90,100,30,Semantic,10,10,30,20,20,70,75,40,50,70,15,20,50,90,80,100,80,100,80,20,10,1,1,1,1,1,1,1,1,1,1,1,0,1,1,0,1,1,1,1,1,1,1,0,1,1,1,1,1,1,1,1,0,1,1,1,1,1,1,1,1,1,1,1,0,0,0,1,1,1,1,1,0,1,0,1,1,1,1,1,1,1,1,1
Thematic,25,35,45,70,70,10,30,90,70,15,30,15,40,40,10,70,40,55,40,55,40,Associative,70,20,5,40,5,35,40,65,45,90,60,65,90,50,10,65,70,30,85,90,20,Semantic,35,40,75,65,30,70,80,35,85,80,55,80,25,95,100,90,90,95,100,60,40,0,0,0,0,0,0,0,1,1,1,0,0,0,0,0,1,0,0,1,1,0,1,0,0,0,1,1,1,1,1,1,0,0,1,1,1,1,1,1,1,1,0,1,0,1,1,1,0,0,1,1,0,0,0,1,1,0,1,1,0,1,1,1
Thematic,85,65,35,35,45,65,85,65,45,75,75,85,25,75,50,62,85,85,45,85,45,Associative,35,55,45,45,65,25,51,45,25,52,25,75,75,65,65,36,45,53,55,85,65,Semantic,45,25,45,65,35,50,35,45,45,85,65,25,65,45,15,85,65,85,25,65,85,0,0,0,0,0,0,0,0,0,0,0,0,0,0,0,0,0,0,0,0,0,0,0,0,0,0,0,0,0,0,0,0,0,0,0,0,0,0,0,0,0,0,0,0,0,0,0,0,0,0,0,0,0,0,0,0,0,0,1,0,0,0,0
Thematic,60,78,70,45,35,0,90,90,75,20,25,10,50,75,1,80,50,70,20,10,70,Associative,20,15,60,50,2,70,90,90,80,80,65,80,90,20,50,80,70,90,75,95,10,Semantic,25,10,70,75,10,70,80,80,95,97,65,70,0,80,99,98,80,100,85,90,60,1,1,1,1,1,1,1,1,1,1,1,1,1,1,1,1,1,1,1,1,1,1,1,1,1,1,0,0,1,1,1,1,0,1,1,1,1,1,1,1,1,1,1,0,0,1,1,1,0,1,1,1,1,0,1,0,0,1,0,1,1,1,1
Thematic,70,56,85,50,20,40,90,90,30,75,85,50,50,65,20,85,70,80,90,85,95,Associative,80,40,80,70,50,95,30,40,70,90,50,50,90,60,50,40,80,60,90,70,40,Semantic,50,75,55,45,65,50,75,45,60,85,90,65,75,75,80,15,50,60,70,50,95,,,,,,,,,,,,,,,,0,,,,,,,,0,,,,,,,,0,,,,,,,,,,,,,0,,,,,,,,,,,,,,0,,,,
Thematic,40,60,90,70,99,20,80,90,70,50,80,25,50,70,40,60,80,80,70,60,70,Associative,80,50,60,40,70,75,40,90,90,90,70,80,90,80,50,90,50,60,80,80,30,Semantic,50,60,75,75,60,70,50,80,95,70,70,50,80,90,99,90,90,80,90,70,40,0,0,0,0,0,1,0,0,0,0,0,1,1,0,0,1,0,0,0,1,1,1,0,1,1,1,0,0,0,1,1,1,1,1,1,0,0,1,1,1,1,0,0,0,1,1,0,0,0,0,1,0,0,0,0,1,0,1,1,0,1,1,1
Thematic,,,,,,,,,,,,,,,,,,,,,,Associative,,,,,,,,,,,,,,,,,,,,,,Semantic,,,,,,,,,,,,,,,,,,,,,,1,0,0,0,0,0,0,1,0,0,0,0,0,0,0,1,0,0,1,1,1,0,0,0,0,0,0,0,0,0,0,0,0,0,0,0,0,0,0,1,0,0,0,0,1,0,1,0,0,0,0,0,0,0,1,0,0,1,0,1,0,0,1
Thematic,50,100,80,100,50,0,70,90,90,25,95,10,65,70,30,80,85,50,50,50,90,Associative,50,100,40,70,50,50,60,100,50,70,60,90,85,70,49,80,90,70,90,60,10,Semantic,0,50,65,50,95,100,10,60,90,98,70,25,0,85,100,75,40,100,100,80,0,1,0,0,1,0,1,1,1,1,1,1,1,1,0,0,1,0,1,0,1,1,0,0,1,1,1,1,1,1,1,0,0,1,1,1,1,1,1,0,1,1,1,0,0,1,0,1,1,0,1,0,0,0,1,1,0,1,1,1,1,1,0,1
Thematic,65,95,85,10,85,1,25,85,80,75,20,20,95,90,50,90,50,85,20,40,60,Associative,75,50,50,80,10,75,80,50,70,80,65,80,85,40,75,75,75,50,80,90,50,Semantic,50,70,80,80,90,98,65,60,95,100,88,88,77,90,100,90,77,95,90,80,50,0,0,0,1,1,1,1,1,1,1,0,1,0,1,1,1,1,0,1,1,1,1,1,0,1,1,1,1,1,1,1,1,1,1,1,1,1,1,1,1,1,0,1,0,0,1,1,1,1,1,1,0,0,1,0,1,1,1,1,1,1,0,1
Thematic,50,50,80,50,50,10,50,80,90,19,80,10,50,70,0,90,80,50,90,50,90,Associative,50,50,50,75,50,50,50,100,50,60,59,50,100,50,50,50,50,100,10,100,50,Semantic,19,25,50,50,50,90,50,,50,50,50,25,50,100,90,100,100,100,50,50,50,1,1,1,0,0,1,0,0,1,1,0,1,1,0,0,1,0,1,1,1,1,1,0,0,1,1,1,1,1,0,1,1,1,1,1,1,1,1,0,1,1,0,1,0,0,1,1,0,0,1,0,0,0,0,1,1,1,0,1,1,1,0,1
Thematic,,,,,,,,,,,,,,,,,,,,,,Associative,,,,,,,,,,,,,,,,,,,,,,Semantic,,,,,,,,,,,,,,,,,,,,,,,,,0,,,,,,,,,,,,,,,,,,,,,,,,,,,0,,,,,0,,,,,,,,,0,,,,,,,,,0,0,,,,,,,0,
Thematic,5,85,95,50,50,42,50,85,75,20,50,45,95,90,50,90,70,85,50,85,45,Associative,65,75,10,50,15,25,54,75,45,99,85,50,,95,50,21,99,50,50,85,40,Semantic,50,80,86,100,100,100,75,100,20,85,85,65,25,35,95,75,95,50,100,40,25,0,0,0,0,0,,1,1,1,,0,0,1,,0,1,0,0,0,0,1,0,,0,0,0,0,0,1,0,0,0,0,,1,0,,1,1,1,,0,0,0,,0,,0,0,0,0,0,0,0,0,0,0,1,1,0,1,1,1
Thematic,98,100,78,89,98,98,78,79,87,78,98,98,87,87,87,98,90,87,29,0,98,Associative,98,0,98,87,0,100,76,67,87,87,98,97,97,57,76,76,89,98,69,76,98,Semantic,86,100,98,89,98,0,0,98,0,69,87,60,100,87,78,60,90,99,90,0,98,0,0,0,0,0,0,0,0,0,0,0,0,0,0,0,0,0,0,0,0,0,0,0,0,0,0,1,0,0,0,0,0,0,0,0,0,0,0,0,0,0,0,0,0,1,1,0,0,0,0,0,0,0,0,0,0,0,0,1,0,0,0,1
Thematic,20,66,30,99,80,0,95,85,70,58,44,10,90,95,0,55,88,15,23,34,30,Associative,55,15,99,15,20,70,10,90,70,85,90,50,90,20,20,30,20,80,40,95,10,Semantic,1,40,70,85,95,95,90,90,95,100,82,75,50,100,100,100,77,100,100,65,70,0,1,1,1,1,1,1,1,1,0,1,1,1,1,1,1,0,0,1,1,1,0,0,1,0,0,1,0,0,1,1,1,1,1,1,1,1,1,1,1,1,0,1,0,1,1,1,0,1,1,1,0,1,0,1,1,0,1,0,1,1,1,1
Thematic,50,100,50,25,25,0,75,100,100,0,75,0,100,75,0,75,100,75,50,0,100,Associative,25,100,100,50,100,50,25,100,50,75,50,50,100,75,0,75,50,0,0,75,0,Semantic,50,25,50,100,100,100,25,100,50,100,100,100,50,50,100,25,25,25,25,100,50,0,1,0,0,1,0,0,1,1,1,0,0,0,1,1,1,0,0,1,0,1,0,0,1,1,1,0,0,0,1,0,1,0,1,1,0,1,1,1,1,1,0,0,0,1,1,0,1,1,0,1,0,1,1,1,0,0,1,1,1,0,1,1
Thematic,60,20,50,20,80,5,20,20,30,10,50,20,20,40,20,40,20,80,50,20,60,Associative,75,80,85,95,5,50,80,95,85,80,90,80,85,75,80,90,95,20,75,100,10,Semantic,50,20,50,20,50,75,80,80,90,80,80,20,50,90,95,50,80,100,80,50,35,1,1,0,1,0,0,0,1,1,1,1,0,1,1,1,1,0,1,1,1,1,1,1,1,1,1,1,1,1,1,1,1,1,1,1,1,1,1,1,1,1,1,1,0,1,1,1,1,1,1,1,1,1,0,1,1,0,1,1,0,0,1,1
Thematic,60,75,95,70,50,75,50,95,95,75,90,40,80,98,20,85,75,80,90,75,85,Associative,80,75,25,50,20,70,10,100,98,85,40,80,100,50,25,98,90,85,80,90,10,Semantic,10,25,75,20,50,75,85,25,75,75,25,50,20,95,100,95,90,100,95,75,50,0,1,1,1,1,0,1,1,1,1,1,1,0,0,0,1,0,0,0,1,1,1,0,1,1,1,1,0,1,1,0,1,1,1,0,1,1,1,1,1,1,1,1,0,0,1,0,1,0,0,0,1,1,0,1,1,0,1,1,1,0,1,1
Thematic,10,90,90,10,70,10,50,50,90,30,50,40,50,80,10,80,70,70,80,40,80,Associative,70,20,20,40,10,70,20,90,70,80,80,80,80,50,10,60,70,70,30,90,40,Semantic,10,60,60,60,70,80,40,70,100,100,30,100,30,80,90,60,50,100,100,70,30,0,1,0,1,0,0,0,0,1,0,0,0,0,1,1,0,0,0,0,0,0,0,1,0,1,1,1,1,1,1,1,0,1,1,1,0,1,1,1,1,1,1,1,0,1,1,1,1,0,1,0,1,0,0,1,1,1,1,1,1,1,1,1
Thematic,40,75,70,70,90,38,60,100,60,60,60,100,40,90,50,80,60,40,,70,80,Associative,90,70,80,70,100,80,60,60,60,90,50,50,80,60,56,100,70,60,80,50,90,Semantic,80,55,75,45,80,45,60,60,45,60,100,90,55,60,70,50,80,95,60,45,70,,,,,0,,,1,,,,,,,,,,1,,,,,,0,,0,0,0,,,,,,,0,,1,,,,,,,0,0,,,,,,,,,,,,,,,,,,
Thematic,,,,,,,,,,,,,,,,,,,,,,Associative,86,86,67,83,82,98,90,91,89,97,90,89,90,89,99,78,71,76,80,51,69,Semantic,78,78,71,80,89,75,93,89,67,78,67,95,86,56,70,75,67,89,67,60,69,0,0,0,0,0,0,,0,0,0,0,1,0,0,1,0,0,0,0,0,0,0,0,0,0,0,0,0,0,1,0,0,0,0,0,1,0,0,0,1,0,0,0,0,0,0,0,0,0,0,0,0,0,0,0,0,0,0,1,0,0,1,0
Thematic,70,80,70,50,90,10,70,50,50,30,80,40,70,90,25,50,70,90,50,20,40,Associative,70,50,40,90,30,90,60,80,90,80,90,50,80,80,50,70,80,80,50,50,70,Semantic,60,95,70,80,90,90,95,80,90,90,90,80,60,95,90,100,90,100,90,90,70,0,1,0,1,0,1,1,0,1,1,1,1,1,1,1,1,0,0,1,1,1,1,1,1,0,1,1,0,1,1,0,0,0,0,0,1,1,1,1,1,0,1,1,0,1,1,1,0,1,1,1,1,0,0,1,1,1,1,1,1,1,0,0
Thematic,100,100,95,85,100,0,100,100,99,45,90,10,100,100,5,100,75,808,50,25,80,Associative,90,95,100,95,100,95,90,100,100,100,60,100,90,100,0,100,100,100,40,100,20,Semantic,30,70,65,90,75,100,90,50,85,100,85,99,0,100,100,100,100,100,100,80,92,1,1,1,1,0,1,1,1,1,0,1,1,1,1,1,1,1,0,1,1,1,0,1,0,1,1,1,1,1,1,1,1,1,0,1,1,1,1,1,0,1,1,1,0,1,1,0,0,0,1,1,1,1,0,1,1,0,1,1,1,1,1,1
Thematic,10,90,90,10,10,40,40,100,80,50,40,10,70,90,0,40,40,40,70,80,40,Associative,0,0,0,0,0,0,0,100,100,100,0,0,100,100,40,100,80,80,100,40,0,Semantic,30,10,0,60,50,70,0,50,50,90,50,40,10,40,100,40,40,100,100,10,50,0,1,1,1,1,1,1,1,1,0,0,1,1,1,1,1,1,1,1,1,1,0,0,0,1,1,0,0,1,0,0,0,0,1,0,1,1,1,0,0,1,0,0,0,0,1,1,0,0,1,0,1,1,1,0,1,0,0,1,1,1,0,1
Thematic,55,50,44,55,42,90,30,60,85,60,45,45,50,10,40,50,66,24,52,88,60,Associative,40,80,55,25,62,80,70,55,60,55,62,65,56,85,45,45,45,52,50,45,60,Semantic,60,20,40,80,60,60,40,90,60,50,60,30,50,60,40,40,70,40,30,50,80,,0,,0,,,,,,,,0,,,,,0,,,,,,,,,0,1,,,0,,0,,0,0,,,,,,,,,0,,,,,,,0,0,0,0,0,,0,,,0,,,
Thematic,60,95,76,90,87,12,50,90,80,80,60,15,70,70,50,70,80,60,50,45,79,Associative,55,50,100,24,45,80,75,100,70,85,50,100,80,80,80,90,50,90,89,70,26,Semantic,50,95,75,100,76,96,96,50,95,100,50,45,67,80,100,70,45,100,80,66,55,1,1,1,1,1,0,1,1,1,1,1,0,1,0,1,1,0,0,0,1,1,1,0,1,0,1,0,1,1,0,0,1,1,1,1,1,1,1,1,1,1,1,0,0,1,1,1,0,1,1,1,1,0,0,0,1,0,1,1,1,0,1,1
Thematic,50,20,80,10,5,2,70,80,80,5,50,5,50,60,2,80,20,20,15,5,20,Associative,90,50,50,40,40,10,60,100,70,100,20,50,90,90,5,80,90,100,50,100,5,Semantic,10,10,70,20,40,50,100,90,40,100,80,80,10,60,90,100,90,100,100,90,40,1,1,1,1,1,1,1,1,1,1,1,1,1,1,0,1,0,1,1,1,1,1,1,1,1,1,1,1,1,1,1,1,1,1,1,1,1,1,1,1,1,1,1,1,0,1,1,1,0,1,1,1,1,0,0,1,0,1,1,1,1,1,1
Thematic,48,86,70,95,70,40,80,95,69,70,87,56,92,85,35,80,75,78,85,39,95,Associative,75,85,60,78,30,60,47,68,57,75,78,80,90,60,25,50,80,48,47,90,58,Semantic,,,,,,,,,,,,,,,,,,,,,,0,0,1,0,0,0,0,0,1,0,0,0,1,0,1,1,0,0,0,1,1,0,0,1,0,1,1,0,0,0,1,0,0,1,1,1,1,1,0,1,1,0,1,1,1,1,1,1,1,1,0,0,0,0,1,1,0,1,1,1,0,1,1
Thematic,25,40,55,40,70,3,70,70,50,20,42,20,40,10,5,40,45,70,30,60,50,Associative,80,95,75,80,90,70,100,100,70,100,85,90,98,100,98,90,90,90,90,99,10,Semantic,40,60,95,90,62,85,65,90,95,95,90,75,50,60,90,85,50,55,85,98,40,0,1,0,0,0,0,0,1,1,1,1,0,0,0,0,1,0,1,0,1,1,0,0,1,0,1,1,1,1,1,0,1,1,1,0,0,1,1,0,1,1,0,1,0,0,1,0,0,0,1,0,0,0,1,0,0,0,1,0,1,0,0,1
Thematic,100,50,15,25,90,10,60,80,80,20,80,50,45,40,80,40,60,80,15,10,80,Associative,45,45,45,45,5,40,60,80,60,100,40,100,45,50,15,60,80,15,10,80,45,Semantic,80,70,50,50,100,90,75,45,60,80,100,80,15,100,60,100,60,45,50,45,50,0,0,1,0,0,0,0,1,1,0,0,0,1,1,1,1,0,0,0,1,1,0,1,0,1,0,0,0,1,0,0,0,1,0,0,0,1,0,1,0,0,0,0,0,1,0,0,0,0,1,0,0,0,0,1,0,0,1,0,1,0,0,1
Thematic,65,50,85,25,50,25,50,75,50,50,75,65,60,90,70,95,75,65,70,75,65,Associative,75,65,25,65,25,50,75,75,75,90,70,70,75,80,75,80,85,85,75,85,50,Semantic,25,50,50,50,50,50,75,75,70,70,75,40,50,80,90,90,90,85,90,50,50,0,0,1,1,0,0,1,1,1,0,1,0,1,1,0,1,0,0,0,0,1,1,0,0,1,1,0,0,1,1,1,0,0,1,1,1,1,1,1,1,1,0,1,0,1,1,1,1,0,1,1,1,1,0,0,1,0,1,1,1,1,0,1
Thematic,50,95,90,50,90,30,35,95,75,70,95,30,80,35,50,86,75,70,60,50,90,Associative,40,86,45,70,40,60,50,80,65,80,60,50,70,30,50,75,55,60,65,70,10,Semantic,70,35,50,50,60,75,75,60,70,70,70,65,30,90,95,75,90,95,75,45,40,1,1,0,0,1,1,1,0,1,1,0,1,1,1,1,1,1,0,1,1,1,1,1,1,1,1,1,1,1,1,1,1,1,1,1,1,1,1,0,1,1,0,1,0,1,0,1,1,1,0,1,0,0,0,1,1,0,1,1,1,1,0,1
Thematic,100,100,100,100,100,0,50,100,100,100,50,0,100,100,50,100,100,100,50,50,90,Associative,70,40,20,80,10,80,70,80,60,80,80,70,90,20,20,20,20,10,80,80,0,Semantic,0,50,50,0,50,90,90,100,100,100,50,50,0,90,100,90,50,100,80,100,10,0,1,0,0,0,1,1,1,0,1,1,0,1,0,1,1,0,0,1,1,1,1,1,1,1,1,1,1,1,1,1,1,1,1,1,1,1,1,1,1,1,0,1,0,1,1,1,1,0,1,1,1,1,0,1,1,0,1,1,1,1,1,1
Thematic,75,90,90,70,75,10,80,90,90,80,90,15,90,90,75,80,80,70,90,90,90,Associative,75,60,20,50,75,80,60,90,65,80,70,30,90,75,30,85,75,80,75,80,20,Semantic,3,5,55,5,10,30,85,50,5,45,5,2,3,99,199,90,75,90,70,40,2,0,0,1,0,1,1,0,1,1,1,1,0,1,1,0,1,0,0,1,1,1,1,,1,1,1,1,1,1,1,1,1,1,1,1,1,1,1,1,1,1,1,1,0,1,1,1,1,1,1,1,1,0,0,1,1,1,1,1,1,1,1,0
Thematic,85,98,85,99,98,30,99,75,90,85,75,70,95,65,95,85,98,85,75,60,85,Associative,75,93,80,95,70,85,80,85,70,65,99,45,85,40,90,70,55,65,70,80,50,Semantic,75,50,80,30,40,70,90,90,75,95,85,80,98,95,90,80,95,95,90,75,20,0,1,0,0,0,1,1,1,1,1,1,1,1,1,1,0,0,0,0,1,1,1,1,1,1,1,1,1,1,1,1,0,1,1,0,0,0,1,1,1,0,1,1,1,1,1,1,0,0,1,1,0,1,0,1,1,1,1,1,1,0,0,1
Thematic,,,,,,,,,,,,,,,,,,,,,,Associative,,,,,,,,,,,,,,,,,,,,,,Semantic,,,,,,,,,,,,,,,,,,,,,,,,,,,,,,,,,,,,,,,,,,,,,,,,,,,,,,,,,,,,,,,,,,,,,,,,,,,,,,,,,,,,
Thematic,30,60,80,30,60,50,20,80,80,60,90,50,70,80,50,90,60,80,70,50,40,Associative,40,70,30,40,10,50,70,80,15,40,70,70,80,70,40,50,30,40,30,60,10,Semantic,40,40,20,10,40,80,60,50,60,60,30,20,40,80,90,90,60,100,70,30,30,,1,1,1,1,1,1,1,1,1,1,1,1,1,1,1,1,1,1,1,1,1,,1,1,1,1,1,1,1,1,0,1,1,1,1,1,1,1,,1,1,1,,,1,1,1,1,1,1,,,,0,1,0,1,1,1,,1,1
Thematic,60,85,90,90,80,50,60,95,75,40,99,70,85,99,95,90,70,90,85,80,75,Associative,65,50,35,60,25,45,30,95,30,95,80,60,80,85,70,85,90,95,65,95,20,Semantic,15,30,45,25,25,85,85,55,45,70,70,10,95,80,90,95,75,100,95,15,40,0,0,0,0,0,1,0,0,1,1,1,0,1,1,0,1,1,0,1,1,1,1,1,0,1,0,1,1,1,1,1,0,1,1,1,1,1,1,1,1,1,0,1,0,1,1,1,0,0,0,0,0,1,1,1,1,1,1,1,1,1,1,1
Thematic,0,90,90,0,10,0,50,100,,20,10,0,80,100,100,100,60,80,0,10,20,Associative,100,45,40,0,15,20,60,100,40,90,70,60,100,30,0,100,30,100,70,90,5,Semantic,80,50,10,0,100,100,100,70,80,100,100,5,50,100,100,100,100,100,100,20,20,1,1,1,1,1,1,0,1,1,1,1,0,1,1,1,1,0,0,1,0,1,1,1,1,1,1,1,1,1,1,0,1,1,1,1,1,1,1,1,1,1,1,1,1,1,1,1,1,1,1,0,0,1,0,1,0,0,1,1,1,1,1,1
Thematic,90,90,50,80,99,70,90,60,99,70,60,40,80,99,40,90,90,99,99,40,40,Associative,70,90,90,30,40,40,90,90,60,90,90,90,90,90,60,90,20,90,90,90,20,Semantic,0,60,60,20,0,50,80,30,70,70,0,20,60,90,95,90,70,90,70,60,0,0,1,0,1,0,1,0,1,1,0,1,0,1,1,1,1,0,0,0,1,1,1,1,0,1,1,1,1,1,0,0,1,1,1,0,1,1,1,1,1,1,0,0,0,1,0,1,1,0,1,0,0,0,0,1,1,1,1,1,1,0,1,1
Thematic,,,,,,,,,,,,,,,,,,,,,,Associative,57,30,64,37,35,68,35,57,50,54,57,35,69,75,57,67,37,36,14,93,74,Semantic,,,,,,,,,,,,,,,,,,,,,,1,1,1,1,0,1,1,0,0,0,1,0,1,1,0,1,0,0,1,0,1,1,1,1,1,1,0,1,1,1,1,0,1,1,1,0,1,1,1,1,1,1,1,0,0,1,1,1,1,1,1,0,1,0,1,1,0,1,1,1,0,1,1
Thematic,2,10,12,5,25,10,5,5,11,5,2,9,2,10,18,3,25,5,11,8,7,Associative,,,,8,5,,5,,,,,11,5,,10,,,2,10,12,,Semantic,10,5,9,2,5,11,5,5,22,25,5,50,10,20,5,8,10,5,5,20,10,0,0,0,0,0,0,0,0,0,0,0,0,0,0,0,0,0,0,0,1,0,0,0,0,0,0,0,0,0,0,1,0,0,0,0,0,0,0,0,0,0,0,0,0,0,0,0,0,0,0,0,0,0,0,0,0,0,0,0,0,0,0,0
Thematic,100,70,100,50,100,25,70,100,100,90,90,50,90,70,100,90,80,100,100,60,100,Associative,30,60,20,30,1,30,30,80,20,20,10,20,30,20,10,70,20,40,20,60,1,Semantic,50,25,50,50,40,70,90,90,70,90,80,50,90,90,90,70,60,100,100,50,25,0,1,1,0,0,1,0,1,1,1,0,1,1,1,0,1,1,0,1,1,1,1,1,0,0,1,0,1,1,1,1,1,1,1,1,1,1,1,1,1,1,1,0,0,1,1,1,1,1,1,1,1,0,1,1,1,0,1,1,1,1,0,1
Thematic,100,75,1100,100,75,25,90,100,100,50,100,50,90,100,50,100,75,100,95,20,100,Associative,25,50,10,50,50,50,60,90,50,80,65,75,70,80,10,70,70,75,75,90,10,Semantic,20,75,85,30,50,95,95,50,75,80,50,25,25,95,95,95,85,100,100,50,70,0,1,0,0,0,1,0,1,0,0,0,0,1,0,1,1,0,0,1,1,1,0,0,0,1,1,1,0,1,0,0,0,0,1,0,1,1,1,1,1,0,0,0,0,1,0,1,0,1,1,0,0,0,1,1,0,0,1,0,0,0,1,1
Thematic,70,50,90,20,50,50,30,90,90,70,80,30,80,90,40,90,80,70,90,80,70,Associative,25,35,5,40,0,20,40,50,50,70,40,35,50,30,5,70,10,20,70,55,35,Semantic,5,80,70,70,20,80,100,79,60,80,50,40,60,80,99,90,80,99,90,45,10,0,1,1,1,0,1,0,1,1,0,0,0,0,0,1,1,0,0,1,1,1,0,0,1,0,1,0,0,0,1,0,1,0,1,1,0,1,1,1,1,0,0,1,0,1,0,1,0,1,0,1,0,0,0,1,1,0,1,1,1,1,1,1
Thematic,90,90,100,90,90,60,80,80,90,80,100,80,90,100,70,90,80,90,80,80,90,Associative,50,40,30,30,20,60,30,70,20,40,10,30,60,50,30,50,30,40,50,60,20,Semantic,50,50,60,40,70,90,80,90,70,90,60,80,50,80,100,70,80,100,80,60,50,1,1,1,1,0,1,1,1,1,1,0,0,1,1,0,1,0,1,1,1,1,1,1,1,1,1,1,1,1,1,1,1,1,1,1,1,1,1,1,1,1,0,1,0,1,1,1,0,0,1,1,1,0,0,0,1,1,1,1,1,1,1,1
Thematic,40,90,80,90,80,10,80,90,60,50,90,40,95,70,90,80,95,80,70,80,90,Associative,30,25,10,20,5,20,10,40,10,40,20,20,40,10,5,50,30,30,10,20,0,Semantic,30,20,40,30,30,70,70,30,60,60,35,10,50,90,90,90,70,85,85,10,10,0,0,0,0,1,1,1,1,1,1,0,0,1,1,0,1,0,0,0,1,1,1,0,0,1,1,1,1,1,0,1,0,1,1,1,1,0,1,1,1,1,0,1,0,1,1,1,0,1,1,1,0,1,0,0,1,1,1,1,1,1,1,1
Thematic,70,70,90,30,60,30,60,90,90,70,80,60,90,90,40,80,90,90,70,80,80,Associative,80,45,45,45,80,80,80,90,90,90,70,90,70,70,30,80,90,70,70,90,45,Semantic,70,60,90,90,50,100,80,80,90,90,70,60,40,90,90,70,80,90,90,70,50,0,0,0,1,0,0,0,1,1,1,0,1,1,1,0,1,0,0,1,1,1,0,0,0,0,1,1,0,0,1,0,0,1,1,1,0,1,0,0,1,0,0,0,0,0,1,1,0,0,1,0,0,1,0,1,1,0,1,1,1,0,0,1
Thematic,75,90,98,45,88,45,70,90,85,45,95,70,95,95,90,90,75,90,98,70,75,Associative,50,55,8,35,18,35,65,80,50,55,68,70,60,40,25,60,75,45,60,78,10,Semantic,25,8,15,10,8,65,95,30,18,80,70,7,90,85,98,95,88,95,95,20,8,0,1,1,1,1,1,1,1,1,1,1,1,1,1,1,1,1,0,1,1,1,1,1,1,1,1,1,1,1,1,1,1,1,1,1,0,1,1,1,1,1,1,0,1,1,1,1,1,0,1,1,1,1,0,1,1,1,1,1,1,1,1,1
Thematic,100,100,100,100,100,0,50,100,100,100,0,50,100,100,0,100,50,100,100,50,100,Associative,0,0,0,100,80,100,100,100,50,0,100,100,100,100,50,100,100,50,0,100,0,Semantic,0,0,100,50,0,100,100,50,100,10,50,100,0,100,100,100,0,100,100,100,0,1,0,1,0,1,0,0,1,1,1,0,0,1,0,1,1,0,0,1,1,1,1,0,1,1,1,0,0,1,0,0,0,0,0,0,0,0,0,0,1,1,0,1,0,0,1,0,1,1,0,0,0,0,0,0,1,0,0,1,1,0,0,1
Thematic,0,100,0,100,100,0,100,0,0,0,0,0,0,0,0,0,100,100,0,0,0,Associative,89,30,40,10,20,30,40,60,50,40,40,20,60,10,40,50,50,30,40,100,50,Semantic,0,0,0,0,0,100,100,100,0,100,0,0,0,100,100,100,100,0,100,0,0,0,0,1,0,0,0,0,1,0,0,0,0,1,0,1,1,0,0,0,0,1,0,0,0,0,0,0,0,0,0,0,0,0,0,0,0,0,1,1,0,1,0,0,0,0,1,0,1,0,0,1,1,1,0,0,0,0,0,1,1,0,0,1
Thematic,90,90,40,70,70,10,60,90,90,80,80,10,80,50,40,90,90,90,60,60,90,Associative,80,10,10,20,65,30,40,90,60,90,80,40,90,70,20,70,70,70,80,90,20,Semantic,20,10,20,80,70,80,90,60,80,80,70,50,30,99,100,90,90,100,100,80,40,1,1,1,1,1,1,0,1,1,1,1,1,1,1,0,1,1,0,1,1,1,1,1,1,1,1,1,1,1,1,1,1,1,1,1,1,1,1,1,1,1,1,1,1,1,1,1,1,1,1,1,1,1,0,1,1,1,1,0,1,1,0,1
Thematic,80,100,100,70,95,5,60,100,95,95,80,70,70,80,40,100,90,95,50,40,35,Associative,10,75,10,15,35,50,80,100,70,65,5,40,40,90,10,70,10,70,10,90,0,Semantic,20,10,30,5,30,70,80,40,30,70,10,10,40,90,95,90,60,100,95,30,5,0,1,1,0,1,1,1,1,1,1,1,0,1,1,0,1,0,0,1,1,1,1,1,0,1,1,1,1,1,1,1,1,1,1,1,1,1,1,1,1,1,0,1,0,1,0,1,0,1,1,1,0,0,0,0,1,0,1,1,1,0,1,1
Thematic,60,85,96,50,88,45,70,94,90,75,90,80,95,90,90,90,80,90,85,85,80,Associative,88,75,80,80,40,60,85,90,80,95,70,85,85,90,95,90,85,90,95,95,80,Semantic,20,30,40,60,40,65,90,50,75,80,60,40,95,90,90,95,90,90,90,75,60,0,1,1,1,1,1,0,0,0,1,0,1,1,1,0,1,0,0,0,1,1,1,0,1,1,1,1,1,1,1,1,1,1,1,1,0,1,1,1,1,1,1,0,1,0,1,0,1,1,1,1,1,0,1,0,1,0,1,1,1,0,1,1
Thematic,70,95,98,80,95,40,75,95,90,90,75,70,85,80,60,85,95,95,80,70,80,Associative,45,10,35,15,20,30,30,25,40,80,15,15,80,40,50,90,20,30,55,60,5,Semantic,25,30,35,20,60,75,70,80,65,60,35,20,70,75,95,85,80,95,90,55,30,1,,,,1,1,1,1,,,,,1,0,1,1,,,,1,1,,1,,1,1,1,,1,,1,0,0,1,1,0,1,1,1,1,1,1,1,,,1,1,1,,1,1,,,0,1,1,0,1,1,,1,1,1
Thematic,85,87,97,65,85,20,90,80,82,70,90,70,88,95,80,90,90,90,86,45,70,Associative,40,40,20,10,40,60,30,60,40,50,20,20,60,15,15,50,60,20,40,70,2,Semantic,50,40,45,25,30,60,90,40,40,80,50,30,95,90,94,85,80,98,96,40,10,0,1,1,0,1,1,0,1,0,1,1,1,1,1,1,1,1,1,0,1,1,1,0,1,1,1,1,1,1,1,1,1,1,1,0,1,1,1,1,1,1,1,0,1,1,1,1,0,0,1,1,1,1,0,0,1,0,1,1,1,1,1,1
Thematic,80,95,90,70,80,65,70,80,100,80,95,60,75,95,80,95,70,85,90,90,80,Associative,70,70,75,60,50,55,50,85,50,80,70,80,80,80,30,80,50,75,50,80,50,Semantic,,,,,,,,,,,,,,,,,,,,,,0,1,1,1,1,1,1,1,1,1,1,0,1,1,,1,0,1,0,0,1,1,1,1,1,1,1,1,1,1,1,0,1,1,1,1,1,1,1,1,1,,1,1,1,1,1,1,,1,1,0,1,1,1,1,1,1,1,1,1,1,
Thematic,60,70,80,75,60,75,80,70,67,76,70,20,80,89,50,70,60,90,70,40,58,Associative,80,60,60,60,70,80,59,90,79,80,79,60,58,70,70,70,67,50,79,78,69,Semantic,30,45,60,68,50,100,75,50,60,80,50,80,20,50,90,75,78,90,80,75,50,0,1,0,0,0,0,0,0,0,0,0,0,1,0,1,0,0,0,0,1,0,0,0,1,0,0,0,0,0,0,0,0,0,0,0,0,0,0,0,0,0,0,0,0,0,0,0,0,1,0,0,0,0,0,0,1,0,0,0,0,0,1,0
Thematic,60,100,80,80,90,60,20,90,80,30,70,60,50,90,100,60,80,90,60,80,60,Associative,60,90,60,20,60,50,60,60,100,90,100,50,60,50,100,60,40,50,100,50,60,Semantic,90,70,90,90,90,70,50,90,80,90,95,90,90,50,50,50,30,50,90,50,20,0,1,0,0,0,0,0,0,0,0,0,0,0,0,0,0,0,0,0,1,0,0,0,0,0,0,0,0,0,0,0,0,0,0,0,0,0,0,0,0,0,0,0,0,0,1,0,0,0,0,0,0,0,0,0,0,0,0,0,0,0,0,0
Thematic,95,100,100,20,90,60,75,100,100,60,100,90,95,90,100,80,100,85,100,100,85,Associative,70,50,25,20,35,10,35,90,60,90,15,55,100,40,30,85,60,35,75,80,10,Semantic,25,25,65,0,10,95,85,50,70,85,50,40,85,90,99,99,90,95,100,75,52,0,1,0,1,0,1,0,1,1,1,1,0,1,0,1,1,1,0,0,1,1,1,0,1,1,1,1,1,1,1,1,1,1,1,1,1,1,1,1,1,1,1,1,1,1,1,1,0,1,1,1,1,1,0,1,1,0,1,1,1,1,0,1
Thematic,34,43,677,45,32,23,78,67,56,23,89,45,90,67,57,45,54,34,80,79,89,Associative,78,67,67,66,45,56,67,34,9,67,56,67,56,9,98,98,56,98,9,67,45,Semantic,25,45,35,34,45,46,45,68,35,46,56,67,57,46,45,46,57,67,57,33,56,,,,,,,,,,,,,,,,,,,,,,,,,,,,,,,,,,,,,,,,,,,,,,,,,,,,,,,,,,,,,,,
Thematic,80,80,90,80,90,80,90,80,80,80,80,90,90,90,90,90,80,80,90,80,90,Associative,80,90,80,90,80,90,80,90,80,80,90,90,90,80,80,90,80,90,90,90,80,Semantic,70,90,80,70,80,80,80,70,70,90,80,80,70,90,60,70,80,60,80,70,80,0,,,,,,,,,,,,,,,,,,,,,,,,,,,,,,,,,,0,,,,,,,,,,0,,,,,,,,,,,,,,,,0,,
Thematic,60,75,90,100,25,50,75,100,100,50,90,10,100,80,10,100,90,80,50,80,80,Associative,25,60,90,5,0,20,60,70,0,60,80,10,40,30,5,70,10,10,15,80,20,Semantic,10,10,10,10,25,100,20,80,75,75,50,40,10,90,100,100,50,100,100,10,20,0,0,1,0,0,0,1,1,1,1,1,0,1,1,0,1,1,0,0,1,0,1,0,0,1,1,1,1,1,1,1,0,0,1,1,1,1,1,1,1,0,0,1,0,0,1,1,1,1,0,0,0,0,0,0,1,1,1,1,0,1,1,1
Thematic,75,70,90,75,89,10,55,90,80,40,90,70,90,50,70,90,60,85,90,88,99,Associative,77,45,45,22,44,11,5,77,45,77,22,45,88,45,2,77,55,66,66,77,22,Semantic,10,10,20,5,5,5,80,15,20,50,5,10,40,80,90,80,90,90,80,10,10,0,0,0,0,0,0,0,1,0,1,0,0,1,1,1,1,0,0,1,1,1,0,0,0,0,1,1,0,1,1,0,0,1,1,0,1,1,1,0,1,1,0,0,0,1,0,1,0,0,1,0,0,0,0,1,1,0,1,0,1,1,1,0
Thematic,100,100,100,100,100,100,100,100,100,100,100,100,100,100,100,100,100,100,100,100,100,Associative,100,50,100,100,80,50,90,100,100,100,100,90,100,100,50,90,80,50,80,80,50,Semantic,100,100,100,100,100,100,100,100,100,100,100,100,100,100,100,100,100,100,100,100,100,0,0,0,0,0,0,0,0,0,0,1,0,1,0,0,1,0,0,0,0,1,1,0,1,0,1,1,0,1,1,1,1,0,1,1,1,0,1,0,1,0,0,1,0,0,1,0,0,0,1,1,1,0,0,1,1,0,1,1,1,1,1,1
Thematic,,,,,,,,,,,,,,,,,,,,,,Associative,,,,,,,,,,,,,,,,,,,,,,Semantic,,,,,,,,,,,,,,,,,,,,,,0,0,1,0,,,0,1,1,,0,0,1,0,,0,0,,0,,1,0,0,0,0,1,,1,,0,,0,,1,0,,0,1,,1,,0,0,,0,0,,0,,1,0,,0,1,0,,0,,1,,0,0,1
Thematic,65,95,95,40,90,20,80,85,90,65,85,50,90,85,60,75,95,90,65,65,95,Associative,75,85,85,65,65,75,85,65,65,55,45,60,95,60,15,40,70,30,95,70,30,Semantic,30,15,45,20,30,90,90,60,40,95,70,85,30,90,95,95,70,90,70,60,50,1,1,1,0,1,1,0,1,1,1,1,1,1,0,0,1,0,0,1,1,1,1,0,0,1,1,0,0,1,1,0,0,1,1,1,1,1,1,1,1,1,1,1,1,1,1,1,1,1,1,1,1,1,0,1,1,0,1,1,1,1,1,1
Thematic,10,80,90,0,50,10,90,90,90,90,90,10,90,90,10,90,70,70,90,0,90,Associative,50,90,60,30,10,90,60,95,80,90,40,80,70,50,1,90,60,50,30,80,10,Semantic,10,10,25,5,25,80,90,25,20,30,30,25,25,90,95,95,50,70,70,5,20,0,1,1,1,0,0,1,0,0,1,0,1,1,1,1,1,0,0,0,1,1,1,0,0,1,1,1,1,1,1,1,1,1,1,1,1,1,1,1,1,1,1,0,0,1,1,1,1,1,1,1,0,0,0,0,1,0,1,1,1,1,0,1
Semantic,80,67,35,45,50,5,45,80,80,50,15,20,79,30,45,90,65,40,30,65,80,Thematic,50,50,20,40,10,40,30,95,50,90,50,60,75,100,50,100,80,100,80,100,20,Associative,100,40,70,60,30,100,50,50,90,85,90,20,60,100,100,100,50,100,100,80,80,0,0,0,1,0,0,1,1,1,0,1,1,1,0,1,1,0,0,1,1,1,1,0,0,1,1,1,1,1,1,1,1,1,1,1,1,1,1,1,1,1,1,1,1,1,1,1,1,1,1,1,0,0,1,1,1,0,1,0,1,1,1,1
Semantic,60,50,90,60,60,10,90,90,70,30,60,50,60,60,30,90,80,90,40,30,50,Thematic,50,60,10,50,30,60,30,100,40,100,60,50,100,100,40,100,80,70,40,100,10,Associative,70,20,40,60,70,50,40,40,50,100,80,30,100,80,100,100,100,100,100,40,30,1,1,1,1,1,1,1,1,1,1,1,1,1,1,1,1,1,0,1,1,1,1,0,1,1,1,1,1,1,1,1,1,1,1,1,1,1,1,1,1,1,1,1,0,1,1,1,1,1,1,1,1,1,1,0,1,0,1,1,1,1,1,1
Semantic,100,100,100,100,100,50,100,100,100,100,100,100,100,100,60,100,100,100,100,50,100,Thematic,50,50,50,50,50,50,50,100,50,100,50,50,100,50,10,100,100,100,100,100,50,Associative,80,50,90,100,100,100,100,100,100,100,100,50,90,100,100,100,100,100,100,90,50,0,0,0,0,1,1,0,1,1,1,0,0,1,1,1,1,0,0,0,1,1,0,0,1,1,1,0,1,1,1,0,1,1,0,1,1,1,1,1,1,1,0,1,1,0,1,1,1,0,1,1,1,0,0,1,0,0,1,1,1,1,1,1
Semantic,70,65,70,70,75,5,80,85,55,45,70,40,65,70,35,80,60,70,40,30,80,Thematic,80,65,50,50,45,80,70,95,80,70,80,70,95,80,80,90,90,90,80,90,40,Associative,90,80,70,85,80,95,70,75,80,90,80,90,80,95,100,95,80,85,95,85,85,0,0,1,1,1,1,0,1,1,0,1,1,1,1,0,1,1,0,1,1,1,1,0,0,1,1,0,1,1,0,1,0,0,1,1,1,1,1,1,1,1,0,0,0,1,1,1,0,1,1,0,1,0,0,1,1,0,1,1,1,1,1,1
Semantic,65,45,56,67,45,76,78,55,67,56,56,56,56,56,87,87,56,56,65,65,57,Thematic,56,56,76,68,67,76,87,65,76,78,56,56,67,78,76,56,65,68,76,6,56,Associative,45,5,64,54,65,55,56,56,45,76,65,65,6,56,45,56,45,65,65,45,55,,,,,,,,,,,,0,,,,,,,,,,,,,,,,,,,,0,,,,,,0,0,,,,,,,0,,,,,,,,,,,,,,,,,
Semantic,78,45,45,78,78,45,45,78,45,90,57,45,78,89,68,65,78,45,78,78,89,Thematic,65,67,67,87,56,56,56,79,45,79,79,45,67,45,78,68,34,34,35,79,45,Associative,65,78,78,78,65,56,78,78,78,78,87,78,78,68,87,87,87,65,78,87,65,,,,,,,,,,,,,,,,,,,,,,,,,,,,,,,,,,,,,,,,,,,,,,,,,,,,,,,,,,,,,,,
Semantic,90,80,20,60,50,1,80,95,100,1,80,1,80,50,5,10,80,90,75,40,20,Thematic,90,80,2,80,0,2,60,90,10,100,60,10,100,100,50,100,10,80,50,100,5,Associative,50,10,50,50,80,100,90,80,90,90,50,80,10,50,80,100,100,100,100,50,100,0,0,0,0,0,1,0,0,1,0,1,1,0,0,0,0,0,0,1,1,1,1,0,0,1,1,0,0,1,0,1,0,0,1,0,1,0,1,0,1,1,0,0,0,0,0,1,0,0,0,0,0,1,,,0,0,1,0,0,0,1,1
Semantic,90,80,35,50,45,0,80,50,65,10,70,10,70,60,30,65,40,85,20,15,80,Thematic,98,95,0,99,50,90,90,99,85,90,75,80,90,75,10,99,85,90,85,95,65,Associative,60,60,75,60,80,95,89,75,80,95,50,85,50,90,95,90,60,95,95,70,70,1,0,0,1,1,0,0,1,1,1,0,1,0,0,1,1,1,0,1,1,1,1,0,1,1,1,1,1,1,0,0,1,1,1,0,0,1,1,1,1,1,0,1,0,1,1,0,0,0,0,0,1,0,0,0,1,0,1,0,1,0,0,1
Semantic,,,,,,,,,,,,,,,,,,,,,,Thematic,84,60,50,74,85,85,78,74,70,84,77,64,64,50,84,60,74,70,50,86,84,Associative,,,,,,,,,,,,,,,,,,,,,,0,1,0,0,0,0,0,1,1,0,1,1,0,0,0,0,0,0,0,1,1,1,0,0,0,0,0,0,0,0,0,0,0,0,0,0,0,0,0,0,0,0,0,0,0,1,1,0,0,0,0,1,0,1,0,0,0,0,1,0,0,0,1
Semantic,85,90,75,50,50,0,60,99,90,15,25,39,75,75,33,95,85,65,25,45,65,Thematic,75,90,50,75,25,90,85,100,80,100,90,80,100,90,100,90,90,90,100,99,50,Associative,75,25,60,85,88,100,80,95,90,90,90,75,100,90,100,100,75,100,100,80,75,1,1,1,1,1,1,0,1,1,1,1,1,1,1,1,1,1,0,1,1,1,1,0,1,1,1,1,1,1,1,1,1,1,1,1,1,1,1,1,1,1,1,1,0,1,1,0,1,1,1,1,0,0,1,1,0,0,1,0,1,1,1,1
Semantic,80,90,100,99,80,25,80,100,100,40,99,20,75,90,30,90,65,80,80,50,45,Thematic,75,80,80,75,50,50,40,100,65,95,80,90,100,80,75,95,80,90,90,95,45,Associative,80,75,60,90,90,90,35,100,100,95,80,85,45,50,100,100,40,85,100,70,50,1,0,0,0,0,0,0,1,1,1,0,0,1,1,0,1,0,0,0,1,1,0,0,1,1,0,0,0,0,1,0,0,1,1,0,0,1,0,1,0,1,0,0,0,0,1,0,0,0,1,1,0,0,0,1,0,0,1,1,1,0,0,1
Semantic,100,85,85,100,100,90,95,85,90,65,90,90,70,65,95,75,95,75,70,95,80,Thematic,30,80,50,10,40,95,80,100,100,100,95,100,100,100,50,100,100,100,80,100,75,Associative,100,60,65,100,100,90,100,80,100,80,95,75,50,100,100,100,60,80,100,90,80,0,0,1,0,0,1,0,0,0,1,1,1,1,1,0,1,1,0,0,1,1,0,0,1,1,1,0,1,1,1,1,1,0,1,1,1,1,1,1,1,1,0,0,0,0,1,1,0,0,1,1,0,0,1,1,1,1,1,1,1,1,0,1
Semantic,20,25,60,10,60,5,20,75,50,5,40,5,25,40,10,50,75,40,50,20,40,Thematic,60,85,0,60,40,75,75,97,80,95,90,85,95,95,80,95,80,80,90,80,20,Associative,50,20,20,80,50,80,90,75,75,90,50,80,50,85,90,85,55,80,80,50,40,0,0,1,0,0,0,1,1,1,0,0,1,0,0,0,1,1,0,0,1,1,1,0,0,0,1,0,0,1,0,0,0,1,1,0,0,1,0,1,0,1,0,0,0,0,0,1,0,0,0,0,1,0,0,0,0,1,1,0,0,1,1,0
Semantic,100,100,100,50,100,90,100,100,100,100,100,100,100,90,0,100,100,100,100,100,100,Thematic,60,95,50,100,10,90,100,100,90,100,50,70,100,100,20,100,100,95,100,100,60,Associative,50,20,90,80,50,100,100,90,100,100,100,50,10,100,100,100,100,100,100,100,50,0,0,0,0,0,0,1,1,1,1,0,0,0,0,1,0,0,0,0,1,1,0,0,0,1,1,1,0,1,1,0,1,1,1,0,1,0,1,0,1,0,0,0,0,1,1,1,0,0,1,0,0,0,0,1,1,0,1,1,0,0,0,1
Semantic,92,33,18,68,38,62,84,48,19,62,45,55,62,54,63,75,78,94,75,95,90,Thematic,55,62,95,45,60,45,35,48,38,28,75,95,68,85,55,52,75,45,45,55,65,Associative,48,95,38,48,55,48,68,75,75,71,63,48,62,49,75,69,82,49,95,49,48,0,1,0,0,0,0,0,0,0,1,0,0,0,0,0,0,0,0,0,0,0,0,0,0,0,0,0,0,0,0,0,0,0,0,0,0,0,0,0,0,0,0,0,0,0,0,0,0,0,0,0,1,0,0,0,0,0,1,1,0,0,0,0
Semantic,75,95,80,95,95,30,90,80,80,50,90,75,75,85,60,95,90,65,45,70,75,Thematic,95,100,40,90,60,95,85,100,90,95,100,100,100,85,75,90,90,100,65,100,70,Associative,85,85,90,90,95,90,75,90,85,100,75,85,75,80,100,100,50,100,90,80,65,1,1,1,0,1,1,1,1,1,1,1,1,1,1,1,1,1,1,1,1,1,1,0,1,1,1,1,1,1,1,1,1,1,1,1,1,1,1,1,1,1,1,0,0,1,1,1,1,1,1,1,1,1,0,1,1,0,1,1,1,1,1,1
Semantic,60,70,60,60,60,20,70,50,40,50,49,60,60,59,60,60,50,60,50,60,60,Thematic,70,80,80,70,40,90,50,90,80,90,90,80,90,80,90,90,90,90,90,90,40,Associative,70,70,70,90,90,90,70,80,90,90,90,60,90,90,90,80,90,90,90,90,80,0,,,,1,1,,0,1,1,,,1,1,,1,,,1,0,,,1,,,1,0,1,,,1,0,1,1,1,1,,,,1,1,,,,,,1,0,1,,,,,0,1,1,,1,1,1,,,1
Semantic,75,75,75,60,50,0,70,50,70,50,100,20,50,75,20,75,50,90,60,50,75,Thematic,100,25,25,50,0,100,100,100,100,100,100,100,100,100,0,75,100,50,100,100,10,Associative,0,100,100,20,25,100,25,0,100,90,90,100,10,100,100,100,0,100,90,100,0,1,1,0,0,1,0,1,1,1,0,0,0,0,0,0,1,0,0,1,1,1,0,1,1,1,0,0,0,0,0,0,0,0,0,0,0,1,0,1,1,0,0,0,0,0,0,0,0,0,1,0,0,0,0,1,1,0,1,0,1,0,0,0
Semantic,40,60,50,90,70,50,40,50,60,30,30,10,40,90,20,70,50,70,20,40,60,Thematic,50,10,60,10,50,80,50,90,100,90,40,30,95,40,20,60,60,30,60,100,5,Associative,40,50,70,90,70,100,70,90,70,95,90,50,30,50,95,100,50,100,80,50,60,1,0,1,0,1,0,0,1,1,1,0,0,1,1,1,1,0,1,1,1,1,0,0,0,1,1,0,0,0,1,1,1,1,1,0,0,1,1,1,0,0,0,1,0,1,1,0,0,0,1,1,0,0,0,0,1,0,1,1,1,1,0,1
Semantic,100,90,100,,90,90,100,100,100,90,90,90,100,100,90,100,100,100,90,100,100,Thematic,100,100,0,0,0,100,0,0,100,100,0,0,100,100,100,100,100,0,100,100,100,Associative,100,0,0,100,100,0,0,0,0,100,0,100,100,100,100,100,100,100,100,0,100,0,1,0,0,0,0,0,0,0,1,1,0,0,0,0,1,0,0,1,1,1,1,0,1,1,1,1,1,0,0,0,1,0,1,0,1,1,1,1,1,1,0,1,0,0,1,0,0,0,0,1,0,0,0,0,0,0,1,0,1,1,1,1
Semantic,80,100,100,100,90,80,90,100,100,90,100,90,90,90,80,80,100,100,90,100,90,Thematic,90,90,80,60,60,70,80,90,90,100,90,90,60,70,70,80,70,80,100,70,70,Associative,90,90,100,100,100,90,100,100,90,100,100,90,90,90,90,80,90,100,90,90,90,0,1,1,1,0,0,1,1,1,1,0,0,0,0,0,0,0,0,0,1,1,0,0,0,0,0,0,0,1,1,0,0,0,0,0,1,1,0,0,1,0,1,0,0,0,0,1,1,0,0,0,1,0,0,0,0,0,0,1,0,0,1,0
Semantic,38,19,59,49,38,60,48,39,55,38,58,58,48,83,39,84,38,58,70,4,88,Thematic,50,38,84,59,49,28,59,38,38,59,59,59,58,85,39,49,58,49,48,24,38,Associative,33,49,38,37,38,84,98,58,95,81,37,37,38,57,35,58,37,84,37,58,59,0,0,0,1,1,0,0,0,0,0,0,0,0,0,0,0,0,0,0,0,,0,0,0,0,0,0,0,0,0,0,0,0,0,0,0,0,0,0,0,0,0,0,0,0,0,0,0,0,0,0,0,0,0,0,0,0,0,0,0,0,0,0
Semantic,100,100,100,100,100,0,100,100,100,10,100,10,100,100,0,100,100,100,90,80,100,Thematic,90,90,10,90,20,100,90,100,100,100,100,100,100,80,10,100,90,100,100,100,40,Associative,70,80,100,90,100,100,80,100,100,100,90,100,90,100,100,100,100,90,100,100,100,1,0,1,1,1,1,0,0,1,1,1,0,0,1,1,1,0,0,1,1,1,1,1,1,1,1,1,1,1,0,0,0,1,1,0,1,0,1,1,1,1,1,1,1,1,0,1,1,1,1,1,1,0,0,1,1,0,1,1,1,1,0,1
Semantic,80,95,90,75,85,45,100,100,75,30,100,50,100,60,90,75,75,90,100,75,50,Thematic,60,80,60,50,45,85,75,100,80,95,45,75,100,95,10,95,45,75,75,95,20,Associative,100,40,30,90,80,80,70,40,70,95,45,45,10,100,80,80,30,100,100,50,30,0,1,1,1,1,0,0,1,1,1,1,1,1,1,1,1,1,0,1,0,1,1,1,0,1,1,1,1,1,1,1,1,1,1,0,1,1,1,1,1,1,1,1,0,0,1,1,0,0,0,1,0,0,1,1,1,0,1,1,0,1,0,1
Semantic,40,30,45,65,65,15,35,50,25,10,30,,43,5,40,45,45,40,43,55,25,Thematic,20,25,10,25,20,10,50,90,40,90,75,65,80,90,30,90,50,80,75,100,40,Associative,50,20,45,45,50,80,40,40,70,70,75,50,30,33,80,90,65,70,75,60,50,0,1,1,0,0,1,1,1,1,1,1,1,1,1,1,1,0,0,1,1,1,1,0,1,1,1,1,1,1,1,1,0,1,1,1,1,1,1,1,1,1,1,0,1,1,1,1,0,1,1,0,0,0,0,1,1,0,1,1,1,1,1,1
Semantic,50,100,100,50,100,10,100,100,100,50,50,0,100,100,10,100,100,100,10,10,100,Thematic,50,50,0,50,50,100,10,100,100,100,100,100,100,100,100,100,50,100,10,50,50,Associative,50,50,50,50,50,100,100,100,10,100,50,100,50,50,50,50,100,100,50,100,100,1,1,0,1,0,1,0,1,1,0,1,0,1,1,1,1,1,0,1,1,1,1,0,1,0,1,0,0,1,1,0,0,1,1,0,1,1,1,1,1,1,1,0,0,1,1,1,1,1,1,1,0,0,1,1,1,0,1,1,1,0,1,1
Semantic,95,85,90,80,95,80,80,70,70,80,95,40,95,85,70,85,95,90,90,50,95,Thematic,85,95,70,80,40,90,80,90,90,90,90,85,95,80,50,95,90,100,80,95,60,Associative,90,70,80,90,70,95,80,60,85,80,90,90,40,80,98,98,85,95,90,80,70,0,0,1,0,0,0,0,0,0,0,0,0,1,0,0,1,0,0,0,1,1,0,0,0,0,0,0,0,0,0,0,0,0,0,0,0,0,0,1,0,0,0,0,0,0,0,0,0,0,1,0,0,0,0,0,0,0,1,0,0,0,0,0
Semantic,50,40,70,40,70,15,60,60,30,20,50,25,50,25,30,60,30,55,30,20,60,Thematic,70,20,20,60,25,40,50,30,65,80,70,40,80,75,50,80,90,80,90,60,50,Associative,20,30,25,40,40,75,80,60,50,70,60,30,60,70,90,60,60,90,80,40,50,0,1,1,1,1,1,1,1,1,1,1,1,1,1,1,1,1,1,1,1,1,1,0,1,1,1,0,1,1,1,1,1,1,1,1,1,1,1,1,1,1,1,1,0,1,1,1,1,1,1,1,1,1,1,1,1,0,1,1,0,1,1,1
Semantic,70,60,90,100,100,80,100,100,100,70,80,80,90,90,100,100,100,100,100,100,100,Thematic,85,100,0,90,100,100,,85,100,100,100,100,30,90,20,100,70,100,100,100,80,Associative,100,100,80,100,45,100,80,100,100,10,100,100,91,70,80,95,10,60,60,95,30,,1,1,1,,1,,1,1,1,,0,1,1,1,1,0,0,1,1,1,0,0,0,1,1,,,1,1,1,,1,1,1,1,1,1,1,0,1,1,0,0,1,1,,1,1,1,0,0,0,0,1,,0,1,1,0,1,0,1
Semantic,100,100,100,60,100,80,90,100,100,80,100,90,80,100,100,100,90,95,100,100,100,Thematic,100,100,50,80,80,100,80,100,100,100,80,100,100,100,100,100,80,100,80,100,50,Associative,70,35,30,70,45,55,25,45,40,50,85,40,20,80,80,80,15,85,65,75,30,0,1,0,0,1,1,0,1,1,1,1,1,1,1,1,1,1,1,1,1,1,1,1,1,0,1,0,1,1,1,1,1,1,1,1,0,0,1,1,1,1,0,1,1,0,1,1,1,1,1,1,1,0,0,1,1,0,1,0,1,1,1,1
Semantic,100,100,100,0,100,0,50,50,100,50,0,50,50,0,50,100,100,100,50,0,100,Thematic,50,50,50,100,0,0,50,100,50,100,50,50,100,100,100,100,100,100,100,100,100,Associative,100,50,0,100,100,100,100,100,100,100,100,50,0,100,100,50,50,50,50,100,50,0,0,1,0,0,1,1,0,1,0,0,0,1,1,0,1,0,0,0,1,1,1,0,0,1,1,0,0,1,0,0,1,1,1,0,1,1,1,1,1,1,1,0,0,0,1,1,1,0,1,1,0,0,0,0,0,1,1,0,1,1,1,1
Semantic,100,100,100,100,100,0,100,100,100,50,100,50,70,70,30,0,100,50,70,80,100,Thematic,100,100,0,50,50,100,100,100,100,100,100,100,100,70,100,100,70,0,50,100,0,Associative,0,70,20,100,100,100,100,100,100,100,100,70,50,100,100,100,100,100,100,50,0,,1,1,1,1,1,1,1,1,1,,,1,1,1,,1,,1,1,1,1,1,1,,1,,1,1,1,1,1,1,1,1,1,1,1,,1,1,1,,0,1,1,1,,,0,1,1,1,1,1,0,1,1,0,1,1,1,1
Semantic,60,100,100,10,50,60,70,100,90,70,90,50,90,90,70,100,60,70,70,50,80,Thematic,80,80,50,60,50,80,70,100,90,100,60,70,100,90,90,100,70,70,80,100,50,Associative,90,20,30,60,70,90,70,50,30,40,60,50,50,99,80,80,80,80,80,70,50,0,1,1,1,1,1,1,1,1,1,1,1,1,1,1,1,0,0,1,1,1,1,0,0,1,1,0,1,1,1,1,1,1,1,1,1,1,1,1,1,1,0,0,0,1,1,1,1,0,1,0,1,0,1,1,1,1,1,1,1,0,1,1
Semantic,70,100,100,60,100,50,79,100,100,75,100,50,100,100,50,100,80,100,100,100,100,Thematic,100,100,89,75,70,100,70,100,100,100,100,100,100,100,100,100,100,100,100,100,50,Associative,80,90,100,100,85,100,60,60,100,69,75,100,50,100,100,100,75,100,100,89,70,1,0,1,0,0,0,0,0,0,0,0,0,0,0,0,1,0,0,0,0,1,0,0,0,0,0,0,0,0,0,0,0,0,0,0,0,1,1,0,1,1,0,0,0,0,0,0,0,0,0,0,0,0,0,0,0,0,1,1,0,0,1,1
Semantic,70,60,95,50,80,10,30,90,90,20,95,50,80,100,60,90,80,90,88,60,50,Thematic,100,70,20,40,30,70,50,100,100,100,80,80,90,100,50,100,60,100,80,100,100,Associative,10,30,30,90,10,90,20,40,8,40,80,20,20,60,90,50,20,20,90,50,30,0,1,1,1,0,1,1,1,1,0,1,1,1,1,1,1,0,0,1,1,1,1,1,1,0,1,1,1,1,1,1,1,1,1,1,1,1,1,1,1,1,1,0,1,1,1,1,1,1,1,1,1,1,1,1,1,0,1,0,1,1,1,1
Semantic,100,90,100,100,100,65,85,100,50,65,100,50,100,100,0,100,85,90,100,100,85,Thematic,100,80,100,0,0,50,80,100,50,100,80,50,100,85,0,100,50,100,100,100,0,Associative,85,0,50,100,50,100,80,100,50,100,65,100,0,100,80,100,25,60,100,50,50,0,0,0,1,0,0,1,0,1,0,0,0,0,0,1,0,0,1,0,1,1,0,0,0,0,0,0,0,1,0,0,0,0,1,1,1,1,1,1,1,1,0,0,0,0,1,0,0,0,0,1,0,0,0,1,0,0,1,1,0,0,0,0
Semantic,85,100,100,65,95,35,85,100,100,90,100,65,100,100,90,75,100,65,100,90,85,Thematic,100,75,55,75,33,95,85,100,90,100,100,95,95,85,100,100,100,85,100,100,30,Associative,85,80,70,85,85,100,95,95,80,100,100,85,100,100,100,100,45,100,100,45,70,1,0,1,1,1,1,0,1,1,0,0,,0,1,1,1,0,,1,1,1,1,1,0,1,1,0,0,1,1,1,,1,1,1,0,1,0,1,1,1,,0,0,1,1,0,,,1,,,1,0,0,,1,1,1,1,1,1,1
Semantic,65,100,50,70,100,10,65,100,100,80,80,50,100,85,70,80,100,90,90,100,70,Thematic,75,20,30,80,60,65,80,100,100,90,100,80,100,100,50,100,90,100,85,100,60,Associative,25,23,75,60,75,55,80,40,50,60,80,30,15,80,100,80,20,100,60,50,10,0,0,0,0,0,0,0,1,1,0,0,0,0,0,0,1,0,0,0,0,1,0,0,0,0,0,1,0,1,0,0,0,0,0,0,0,0,0,0,0,1,0,0,0,0,0,0,0,0,1,0,0,0,0,0,0,0,0,1,0,0,0,1
Semantic,20,60,30,60,30,63,85,90,52,20,40,50,50,20,50,52,90,80,40,50,40,Thematic,90,50,10,80,20,60,70,100,90,80,90,90,30,50,80,80,30,10,90,80,20,Associative,50,8,30,80,70,50,10,80,80,90,90,90,60,30,80,70,90,20,60,50,50,0,0,0,0,0,0,0,1,0,0,0,0,0,0,0,0,1,0,0,0,0,1,0,0,1,0,1,0,1,1,0,0,1,0,1,1,1,0,0,0,0,1,0,0,0,1,0,0,0,1,0,1,0,0,1,1,0,0,0,0,0,1,0
Semantic,70,90,95,60,90,30,90,90,80,60,95,60,90,90,70,90,90,90,80,70,80,Thematic,90,95,65,70,60,95,75,95,80,100,85,90,100,85,70,95,90,85,100,100,60,Associative,40,40,50,70,50,80,40,45,30,80,85,40,40,90,90,90,40,90,95,40,70,1,1,1,1,0,1,1,1,1,1,1,1,1,1,0,1,0,0,1,1,1,1,1,0,1,1,1,1,1,1,1,0,1,1,1,1,1,1,1,1,1,1,1,0,1,1,1,1,1,1,1,1,1,1,1,1,0,1,1,1,1,1,1
Semantic,40,25,100,50,60,25,10,100,100,25,100,25,75,40,60,100,90,100,100,80,50,Thematic,100,100,50,100,75,90,80,100,95,100,100,100,100,100,0,50,75,50,100,100,60,Associative,5,5,10,80,80,100,100,30,20,10,25,10,20,90,100,70,5,75,75,45,35,0,0,1,0,0,1,1,1,1,1,1,1,1,1,1,1,0,1,1,1,1,1,0,0,1,1,0,0,1,0,1,0,0,1,1,1,1,1,1,1,1,1,1,0,1,1,1,0,1,0,1,0,1,0,0,1,1,1,1,1,1,0,1
Semantic,60,80,80,80,70,30,40,80,70,60,60,70,65,90,70,80,70,70,90,60,85,Thematic,70,60,35,80,45,65,80,90,75,80,70,65,75,75,40,90,70,60,80,90,50,Associative,40,30,40,50,40,70,20,50,70,70,65,40,35,75,75,80,50,70,75,55,60,0,1,1,0,0,1,1,1,1,1,1,1,1,1,1,1,0,1,1,1,1,1,1,1,1,1,1,1,1,1,1,1,1,1,1,1,0,1,1,0,1,1,1,1,1,1,1,0,1,1,1,0,0,0,0,1,0,1,1,1,1,0,1
Semantic,70,97,90,97,95,10,60,100,75,45,89,22,91,100,90,99,95,94,95,87,57,Thematic,85,95,35,75,10,85,90,99,80,97,76,78,90,82,65,99,55,90,45,94,50,Associative,97,27,17,88,27,73,76,39,63,43,39,73,4,95,59,92,89,98,92,68,21,0,1,1,1,0,1,1,1,1,1,1,1,1,1,1,1,0,1,1,1,1,1,1,1,1,1,1,0,1,1,0,1,1,1,1,1,1,1,1,1,1,1,1,0,1,1,1,0,1,1,1,0,0,0,1,1,1,1,1,1,1,1,1
Semantic,80,90,,90,80,0,60,90,80,60,80,60,70,70,40,70,90,80,90,80,70,Thematic,80,70,10,60,80,90,70,90,70,70,50,80,70,70,50,50,70,50,70,60,60,Associative,80,70,70,70,80,90,70,70,90,70,80,80,50,60,90,70,70,80,70,90,60,0,,,,,1,,,,0,1,,1,,,0,,0,1,1,1,,,0,,1,1,,1,1,,,1,1,1,0,1,,0,,,,,0,1,1,1,,1,0,,1,0,,0,1,0,,1,,,0,
Semantic,60,90,70,80,80,70,50,70,70,70,70,70,50,80,40,70,80,70,70,80,70,Thematic,80,60,80,70,90,80,80,90,80,90,90,80,80,80,60,80,70,80,90,80,70,Associative,60,30,60,60,60,70,80,50,50,80,60,60,30,80,80,80,50,80,90,60,50,0,0,0,0,0,0,0,1,0,0,0,0,0,0,0,0,0,0,0,1,1,1,0,0,1,0,0,0,0,0,0,1,0,0,0,0,0,0,0,0,0,0,0,0,0,1,0,0,1,0,0,0,0,0,0,0,0,1,1,1,1,0,1
Semantic,90,95,80,70,55,20,95,85,95,35,85,15,50,60,85,20,30,80,40,30,10,Thematic,100,90,10,98,60,60,75,99,98,55,85,20,95,25,30,80,78,98,40,75,10,Associative,80,5,10,70,35,65,45,10,15,40,60,80,5,85,95,90,5,80,95,3,10,0,0,0,1,0,1,0,1,1,1,0,0,0,0,1,1,1,0,0,1,1,1,0,0,1,1,1,0,0,1,0,0,0,1,1,0,1,1,1,1,1,0,0,1,0,0,0,1,0,1,0,0,0,1,0,1,0,1,1,1,1,0,1
Semantic,80,80,99,70,50,10,65,90,50,70,80,50,70,70,50,60,99,70,50,25,65,Thematic,50,85,20,85,20,70,50,85,25,85,70,85,89,80,70,100,75,99,70,75,50,Associative,,,,,,,,,,,,,,,,,,,,,,0,1,1,0,1,1,1,1,1,1,1,0,1,0,0,1,0,1,1,1,1,1,0,0,0,1,0,1,1,1,1,1,1,1,0,1,1,1,1,1,1,0,1,0,1,0,1,0,1,1,1,0,0,0,1,1,0,1,1,1,1,0,1
Semantic,100,100,100,100,100,80,100,98,98,95,100,90,100,100,100,100,95,98,100,95,98,Thematic,90,90,20,95,85,90,95,100,80,100,90,90,100,90,80,100,95,95,90,100,10,Associative,95,95,95,95,95,100,90,95,90,100,100,95,95,100,100,100,95,100,100,95,95,0,1,0,0,0,1,1,1,1,1,0,1,1,0,0,1,0,0,1,1,1,1,0,1,0,1,1,0,1,1,0,0,1,1,1,1,0,1,1,1,1,0,1,0,1,0,1,1,1,1,0,0,0,0,0,1,0,1,1,1,1,0,1
Semantic,75,100,90,0,90,10,50,100,100,50,100,80,100,100,80,100,100,90,50,100,100,Thematic,100,100,50,95,70,100,100,100,100,100,100,100,100,100,100,100,100,80,100,100,95,Associative,40,8,10,15,70,10,30,12,10,25,50,40,5,5,70,30,2,50,35,20,3,1,1,1,1,1,1,1,1,1,1,1,1,1,1,1,1,1,1,1,1,1,1,1,1,0,1,1,1,1,1,1,1,1,1,1,1,1,1,1,1,0,1,1,1,1,0,1,1,1,1,1,0,0,1,0,1,1,1,1,1,1,0,1
Semantic,55,100,100,50,75,0,75,100,85,50,80,0,50,100,0,75,75,75,90,25,75,Thematic,45,75,10,25,75,75,50,100,50,50,25,100,75,20,10,80,15,50,25,100,10,Associative,55,10,50,100,55,80,50,30,25,75,25,75,15,70,100,75,40,100,100,85,25,1,1,0,1,1,1,1,1,1,1,1,0,1,0,1,0,0,0,1,1,1,1,0,0,1,1,0,1,1,1,0,0,1,0,0,1,1,1,1,1,1,0,0,0,0,1,1,0,1,0,1,1,0,0,0,1,0,1,1,1,1,0,0
Semantic,,,,,,,,,,,,,,,,,,,,,,Thematic,5,,34,4,33,,,5,,,66,,,,33,,,50,,33,55,Associative,89,,55,66,,,,,55,,,,,,55,,,,,,,0,0,,,,,,,,,0,,,,,,,,0,,,,,,0,,,,,,,,,,,1,,,,,,,,,,,,,,,,,,,,,,,,,,,
Semantic,60,80,70,70,70,40,70,80,70,80,100,70,30,70,80,40,60,60,90,50,70,Thematic,100,60,20,30,75,30,20,90,90,50,50,40,40,80,80,100,50,70,70,100,50,Associative,70,10,30,20,70,50,50,80,90,80,50,50,50,90,80,60,60,90,90,50,60,0,0,1,0,1,1,0,1,0,1,1,0,0,0,0,1,0,0,0,1,1,1,0,0,0,1,0,0,1,1,1,0,0,1,1,1,1,1,1,1,1,0,0,0,1,1,1,0,0,1,1,0,1,0,1,1,0,1,1,1,0,1,1
Semantic,80,60,100,0,30,40,10,80,60,10,90,10,90,90,20,100,50,70,90,50,20,Thematic,80,80,30,50,20,40,70,100,60,100,60,50,100,80,50,100,70,80,80,90,30,Associative,30,80,10,70,90,70,20,20,50,60,80,60,60,80,90,90,10,60,90,90,60,1,0,1,1,1,1,1,1,1,1,1,0,1,1,1,1,1,0,1,1,1,1,0,0,1,0,1,0,0,1,1,1,0,0,1,1,1,1,1,0,1,1,0,0,0,1,0,0,1,1,1,0,0,1,0,0,0,1,1,0,1,0,1
Semantic,75,95,90,90,85,75,100,95,95,85,85,90,95,100,75,89,95,95,85,75,95,Thematic,90,95,75,60,75,75,60,95,100,100,95,100,100,85,75,90,90,80,75,90,20,Associative,75,90,80,95,85,85,90,75,80,100,100,75,50,90,90,90,70,90,95,90,65,0,0,0,1,0,0,1,1,0,1,0,0,0,0,0,1,0,0,0,1,1,0,0,1,0,0,0,0,0,0,0,0,1,1,0,0,1,0,0,1,1,0,0,0,1,1,0,0,0,0,0,0,0,0,0,0,0,1,0,0,0,1,1
Semantic,17,95,50,90,95,15,90,60,40,6,90,2,80,39,10,80,71,9,45,80,87,Thematic,42,60,10,70,14,70,80,15,74,70,45,75,100,61,100,81,15,65,90,75,25,Associative,45,50,10,28,35,100,10,25,15,35,47,10,0,65,85,96,80,90,75,5,18,1,1,1,0,1,1,0,1,0,1,0,0,0,1,0,1,1,0,1,1,1,1,0,1,0,1,1,1,1,0,1,0,1,0,1,1,0,1,0,1,1,0,0,1,0,1,0,1,1,1,1,0,1,1,1,0,0,1,0,1,1,0,1
Semantic,90,50,100,90,90,10,50,90,90,10,100,50,80,100,50,90,50,90,99,50,50,Thematic,90,90,90,40,5,90,50,100,80,99,90,90,99,99,50,100,99,100,90,100,5,Associative,10,50,20,50,5,60,25,5,10,20,50,10,10,70,50,20,5,60,90,10,20,1,0,1,1,1,0,1,1,0,0,0,0,0,0,0,1,0,0,1,1,1,0,1,1,0,1,0,0,0,1,0,0,1,1,0,1,1,1,1,1,1,1,0,0,1,0,1,0,0,1,1,0,0,0,1,0,0,1,1,0,0,0,1
Semantic,25,100,100,0,100,100,100,100,100,100,100,100,100,100,100,100,100,25,100,100,25,Thematic,100,100,50,100,0,100,100,100,100,100,100,100,100,100,100,100,100,100,100,100,50,Associative,100,50,25,100,100,100,100,50,0,100,100,100,100,100,100,100,100,100,100,100,0,0,0,0,0,0,0,0,0,0,0,0,0,0,0,0,1,0,0,0,0,1,0,0,0,0,0,0,0,0,0,0,0,0,1,0,0,1,1,1,0,0,0,1,0,0,0,0,0,0,0,0,0,0,0,0,0,0,1,0,0,0,0,0
Semantic,40,2,89,0,68,61,0,100,62,10,86,35,96,86,10,89,20,20,89,86,40,Thematic,60,75,20,85,50,50,40,80,60,80,60,80,80,99,30,80,100,98,98,80,,Associative,65,5,5,80,20,58,10,12,30,23,15,5,50,83,85,45,28,63,86,15,20,0,0,0,0,1,0,1,1,1,1,0,1,1,1,0,1,1,0,0,1,1,0,0,0,0,1,0,1,0,1,0,0,0,1,0,1,0,1,1,1,1,0,1,1,0,1,1,1,1,1,1,0,0,1,1,1,1,1,1,1,1,0,1
Semantic,50,100,100,50,100,30,100,100,100,90,50,100,100,70,20,100,90,100,50,40,80,Thematic,100,100,40,50,70,100,100,100,100,100,100,100,100,50,100,50,50,100,100,100,50,Associative,50,40,60,40,90,100,50,40,60,100,90,65,30,60,100,50,45,90,90,70,20,1,0,1,0,0,0,1,1,0,1,1,0,1,0,1,1,0,0,0,1,1,0,1,0,1,1,1,0,1,0,0,0,1,1,1,0,1,0,0,0,0,0,0,0,1,0,0,0,0,0,0,0,0,0,0,1,1,1,1,1,1,1,0
Semantic,30,90,40,40,80,30,80,70,80,20,80,90,50,20,20,50,50,80,80,40,50,Thematic,20,90,50,40,20,90,40,99,60,80,70,60,70,90,20,90,60,40,40,90,20,Associative,30,30,90,60,90,77,80,40,70,95,80,40,40,80,90,70,90,88,90,30,20,,0,,,,0,,0,,0,0,,,0,,,,,,,,,,,,,,,,,,,,,,,,,,,,,,,,,,,,,,,,,,,,,,,,,
Semantic,71,80,90,60,90,10,70,100,85,80,100,70,80,70,60,75,80,95,95,80,90,Thematic,70,80,60,70,50,70,90,80,60,70,80,80,80,80,40,100,90,80,70,80,70,Associative,60,60,60,60,80,80,90,80,80,90,80,70,70,95,90,90,90,100,90,60,40,0,0,1,1,1,1,0,1,0,1,0,0,1,1,0,0,0,0,1,1,1,1,1,1,1,1,1,1,1,1,1,0,1,1,0,1,1,1,1,1,0,0,1,0,0,0,0,1,1,1,1,0,1,0,1,1,0,1,0,0,1,1,1
Semantic,60,70,80,50,90,70,60,90,90,80,70,50,70,90,50,70,70,80,70,70,60,Thematic,90,80,70,70,50,70,70,90,80,90,70,70,90,90,60,100,90,80,90,100,60,Associative,30,50,70,50,70,70,30,50,30,80,60,30,20,80,80,90,50,70,70,30,40,1,0,0,0,1,0,0,1,0,0,0,0,0,0,0,0,0,0,0,1,1,0,1,0,0,0,0,0,0,0,0,0,0,1,1,0,0,0,0,1,0,0,0,0,0,0,0,0,0,0,0,0,0,0,0,0,0,1,0,0,1,0,1
Semantic,,65,50,70,70,99,50,99,50,60,50,99,99,80,40,99,40,99,99,99,50,Thematic,75,100,100,99,100,99,100,100,100,50,99,100,50,99,95,50,75,50,85,100,85,Associative,100,75,100,100,100,100,99,99,75,100,100,100,100,100,100,100,100,100,100,99,100,0,0,1,1,0,1,0,1,0,0,0,0,0,0,0,0,0,1,0,1,1,0,1,0,1,1,0,0,0,1,0,0,1,1,1,1,0,1,1,1,1,0,0,0,1,1,1,0,0,0,1,0,0,0,0,1,1,1,1,0,1,0,1
Semantic,100,100,100,0,75,55,10,60,80,100,100,90,100,100,70,100,100,100,100,60,70,Thematic,80,75,15,10,0,80,30,100,60,100,25,40,100,70,100,100,80,80,100,100,100,Associative,25,35,55,75,70,55,30,20,40,60,65,65,10,75,80,80,60,80,80,20,50,1,1,1,1,1,1,1,1,1,1,1,1,1,1,1,1,1,0,1,1,1,1,1,1,1,1,1,1,1,1,1,1,1,1,1,1,1,1,1,1,1,1,1,0,1,1,0,1,1,1,1,0,0,0,1,1,1,1,1,1,1,0,1
Semantic,80,85,100,20,95,10,30,100,80,70,100,50,100,95,80,100,40,95,90,75,80,Thematic,100,80,35,50,60,90,90,100,60,95,75,95,100,75,70,100,90,90,80,100,40,Associative,65,8,10,50,60,85,12,20,40,90,96,20,40,99,100,97,15,99,98,45,5,0,1,1,1,0,0,1,1,1,1,1,0,1,1,1,1,1,0,1,1,1,1,1,0,1,1,1,0,1,1,1,0,0,1,1,0,0,1,1,1,1,1,0,0,1,1,1,1,1,1,1,1,1,0,1,1,1,1,1,1,0,1,1
Semantic,0,40,90,0,0,0,0,80,100,20,70,10,90,90,0,80,0,70,10,0,90,Thematic,100,90,90,100,80,80,90,100,100,100,90,100,100,80,70,100,80,100,100,100,70,Associative,90,20,10,70,70,80,40,30,70,60,60,40,20,90,90,80,70,90,60,40,80,0,0,0,1,0,1,0,1,1,1,1,1,1,1,1,1,1,0,1,1,1,0,0,1,1,1,0,0,0,1,0,1,1,1,1,1,1,1,1,1,1,0,0,0,0,1,1,0,1,1,1,0,0,0,0,0,0,1,0,1,0,0,1
Semantic,87,38,95,8,57,8,5,99,89,12,792,33,75,92,8,89,17,44,87,65,22,Thematic,99,66,18,35,19,95,78,89,99,35,92,78,89,37,58,99,22,15,55,35,30,Associative,74,86,17,44,76,93,18,15,95,85,91,32,10,88,77,82,21,67,79,87,61,1,0,1,1,1,1,1,1,1,0,1,1,1,1,1,1,0,1,1,1,1,1,0,1,1,1,0,1,0,1,1,0,0,1,1,1,1,1,1,1,1,1,0,1,0,1,1,0,1,1,0,0,0,0,0,0,0,1,1,1,0,1,0
Semantic,100,100,100,100,100,10,10,100,10,100,20,100,100,10,100,10,100,100,100,50,100,Thematic,100,50,0,100,10,0,0,100,100,100,100,100,0,100,10,100,0,100,75,100,80,Associative,100,100,100,100,100,100,75,80,100,100,10,100,50,100,100,10,100,100,100,100,100,1,1,1,1,1,1,1,,1,1,,,1,,,1,,1,1,1,1,,1,,1,1,,1,1,1,1,1,1,1,0,1,,1,1,,1,1,,1,1,1,,1,1,1,1,,,1,1,,1,1,1,1,1,,1
Semantic,80,95,100,45,80,65,75,85,75,50,100,45,90,95,55,95,70,85,70,70,65,Thematic,85,80,40,50,60,60,60,95,70,100,90,90,100,80,60,90,50,95,60,80,50,Associative,80,25,65,70,35,100,40,70,60,80,60,45,55,100,95,80,65,85,100,60,90,1,1,1,1,1,1,1,1,1,1,1,1,1,1,1,0,0,1,1,1,1,0,1,1,1,1,1,1,1,1,1,0,1,1,0,1,1,1,1,1,1,1,0,0,1,1,1,0,1,1,1,0,0,1,0,1,0,1,0,1,0,0,1
Semantic,100,100,100,10,100,5,95,100,100,100,100,80,100,100,95,100,95,100,100,90,100,Thematic,100,95,5,80,90,100,85,100,100,100,95,100,100,70,60,100,100,90,70,100,30,Associative,90,30,20,60,70,45,70,75,50,95,100,55,90,100,100,60,30,100,95,95,10,1,1,1,1,1,1,1,1,1,1,1,1,1,1,1,1,1,1,1,1,1,1,1,1,1,1,1,1,1,1,1,1,1,1,1,1,1,1,1,1,1,1,1,0,1,1,1,1,1,1,1,1,1,1,1,1,1,1,1,1,1,1,1
Semantic,70,95,90,100,50,10,100,70,100,40,100,10,90,40,50,50,90,50,70,80,95,Thematic,30,90,5,40,0,80,50,90,50,85,80,50,100,75,50,90,30,90,80,90,20,Associative,10,70,80,95,95,95,70,50,20,80,80,80,40,90,40,95,80,95,90,95,5,1,0,1,0,0,1,1,1,1,1,0,1,1,,1,1,1,0,1,1,1,1,1,0,1,1,0,0,1,1,1,0,1,1,1,1,1,1,0,0,1,0,0,1,1,0,0,1,0,0,1,0,0,1,0,1,1,1,0,0,0,0,1
Semantic,50,80,100,20,70,1,30,100,50,20,90,20,100,50,40,100,70,80,70,,100,Thematic,50,100,50,75,40,50,60,75,40,50,40,70,50,75,50,75,290,29,20,100,59,Associative,60,20,90,50,70,90,20,40,60,40,80,50,30,100,90,90,10,90,80,60,30,1,1,0,1,0,1,0,1,1,0,0,1,1,1,1,1,1,0,0,0,1,1,1,0,0,1,0,0,1,1,0,0,1,1,1,1,1,1,1,0,1,0,1,0,1,1,1,1,0,0,1,1,1,0,0,1,0,1,1,1,1,0,1
Semantic,60,60,100,0,50,40,0,80,90,30,80,20,100,100,30,90,30,90,80,70,10,Thematic,100,80,60,60,30,100,70,90,100,100,70,90,100,100,50,90,90,100,60,90,80,Associative,40,80,30,60,50,90,80,70,90,80,70,60,20,90,90,70,60,80,70,60,50,0,0,0,0,0,1,0,1,1,1,1,0,1,1,1,1,0,0,1,0,1,0,0,0,1,1,0,1,1,1,0,1,0,1,0,1,0,0,1,1,1,0,0,0,0,0,0,0,0,1,0,0,0,0,0,0,1,0,1,0,0,1,1
Semantic,50,100,100,100,100,0,50,100,100,100,75,25,100,100,0,100,0,0,75,0,75,Thematic,75,75,25,50,25,75,50,100,100,100,95,75,100,75,25,100,75,100,50,100,50,Associative,0,50,50,25,25,100,50,50,100,100,75,50,50,75,50,100,50,100,100,50,25,0,1,1,0,1,1,0,1,0,0,1,1,1,1,1,1,1,0,1,1,1,1,1,1,1,1,0,1,0,1,0,1,0,1,1,1,1,1,1,1,1,0,1,1,1,1,1,1,0,1,0,0,0,0,1,1,1,1,1,1,1,1,1
Semantic,60,60,90,50,40,20,60,90,90,50,90,10,60,90,30,90,50,80,100,70,50,Thematic,50,60,20,50,10,30,60,70,50,100,80,80,90,60,30,100,70,100,75,100,50,Associative,5,30,50,60,20,50,40,30,20,50,40,10,20,50,60,80,40,50,70,40,40,1,0,1,1,1,1,0,1,0,0,1,0,1,1,0,1,0,0,1,1,1,0,0,0,1,1,0,1,0,1,1,1,0,1,1,1,1,1,1,1,1,0,1,0,1,1,1,0,1,0,1,1,0,0,1,1,1,1,1,1,0,1,1
